BeachName,Date,EventID,SumOfEstCorEffort,SumOfTotHarvest,CPUE,SumOfWastage,Wastage %
"Copalis","2008-10-16 00:00:00",88,2036.710937833184,30005.11649486388,14.73214285714286,,
"Copalis","2008-10-16 00:00:00",461,2036.10941375102,29912.29829656044,14.69090909090909,,
"Copalis","2008-10-17 00:00:00",92,1954.22229300867,28780.36467885495,14.72727272727273,,
"Copalis","2008-10-17 00:00:00",462,1955.451274617431,28798.46422618399,14.72727272727273,,
"Copalis","2008-10-18 00:00:00",93,2803.305855052675,40928.26548376905,14.6,,
"Copalis","2008-10-18 00:00:00",463,2623.986831441245,38310.20773904218,14.6,,
"Copalis","2008-11-13 00:00:00",98,2423.665727219522,36354.98590829282,15,,
"Copalis","2008-11-13 00:00:00",464,,,15,,
"Copalis","2008-11-14 00:00:00",99,2283.589743925876,33196.18354064878,14.53684210526316,,
"Copalis","2008-11-14 00:00:00",465,4567.179487851752,66392.36708129756,14.53684210526316,,
"Copalis","2008-11-15 00:00:00",101,5233.585862184043,74958.45557450695,14.32258064516129,,
"Copalis","2008-11-15 00:00:00",466,4732.673972022803,71230.75401959744,15.05084745762712,,
"Copalis","2008-11-16 00:00:00",105,1937.415679981932,29061.23519972898,15,,
"Copalis","2008-11-16 00:00:00",467,2001.996202647997,30029.94303971995,15,,
"Copalis","2008-12-11 00:00:00",108,2295.369705848404,34430.54558772605,15,,
"Copalis","2008-12-11 00:00:00",468,2297.495474341633,34462.43211512449,15,,
"Copalis","2008-12-12 00:00:00",110,672.7874137823021,336.3937068911511,0.5,,
"Copalis","2008-12-12 00:00:00",469,673.4104900053678,336.7052450026839,0.5,,
"Copalis","2008-12-13 00:00:00",111,1592.288267930099,20355.46893867397,12.78378378378378,,
"Copalis","2008-12-13 00:00:00",470,2391.203326035511,30568.62630310261,12.78378378378378,,
"Copalis","2008-12-14 00:00:00",112,120.8972048819857,1813.458073229786,15,,
"Copalis","2009-01-09 00:00:00",119,1551.739933878653,23276.09900817979,15,,
"Copalis","2009-01-09 00:00:00",471,1553.417031243091,23013.58564804579,14.81481481481481,,
"Copalis","2009-01-10 00:00:00",121,5290.323187258238,73583.58615004641,13.90909090909091,,
"Copalis","2009-01-10 00:00:00",472,5290.323187258238,73583.58615004641,13.90909090909091,,
"Copalis","2009-01-11 00:00:00",124,2019.409736394379,30291.14604591569,15,,
"Copalis","2009-01-11 00:00:00",473,2018.817435788078,31199.90582581575,15.45454545454546,,
"Copalis","2009-02-06 00:00:00",129,3015.080291529854,46030.22578402243,15.26666666666667,0,0
"Copalis","2009-02-06 00:00:00",474,3017.301810190127,46064.1409689026,15.26666666666667,0,0
"Copalis","2009-02-07 00:00:00",130,7642.59017011682,112250.5431235908,14.6875,3367,0.03
"Copalis","2009-02-07 00:00:00",475,7631.283562504448,108533.8106667299,14.22222222222222,3257,0.03
"Copalis","2009-02-08 00:00:00",133,7028.93963952823,101841.5254438312,14.48888888888889,,
"Copalis","2009-02-08 00:00:00",476,7039.666377229481,95622.13495736713,13.58333333333333,,
"Copalis","2009-03-28 00:00:00",137,12602.21551271403,112127.4046900454,8.897435897435898,,
"Copalis","2009-03-29 00:00:00",138,7417.976633953186,109257.9948289037,14.72881355932203,4370,0.04
"Copalis","2009-04-25 00:00:00",150,9618.08141535424,144271.2212303136,15,9137,0.06333333333333334
"Copalis","2009-04-26 00:00:00",154,8554.082777768255,126965.655611594,14.84269662921348,3809,0.03
"Copalis","2009-04-27 00:00:00",156,3368.834513510231,50614.68439810492,15.02439024390244,1349,0.02666666666666667
"Copalis","2009-05-09 00:00:00",160,4244.806510673498,63672.09766010248,15,3185,0.05
"Copalis","2009-10-16 00:00:00",164,4923.76840031205,67448.88219605549,13.6986301369863,,
"Copalis","2009-10-17 00:00:00",167,6772.752392069288,100367.2944848822,14.81927710843373,,
"Copalis","2009-10-18 00:00:00",168,2860.320349352538,42641.35468179507,14.9078947368421,,
"Copalis","2009-11-14 00:00:00",183,3936.184796803755,59042.77195205631,15,,
"Copalis","2009-11-15 00:00:00",189,3833.145131832616,43442.31149410299,11.33333333333333,,
"Copalis","2009-11-16 00:00:00",191,389.9999734333601,1979.999865123213,5.076923076923077,,
"Copalis","2009-12-03 00:00:00",196,2079.775955011365,31196.63932517048,15,,
"Copalis","2009-12-04 00:00:00",201,2388.152805190886,34482.59660178059,14.4390243902439,,
"Copalis","2009-12-05 00:00:00",202,2062.895197292892,30943.42795939338,15,,
"Copalis","2009-12-31 00:00:00",210,4776.221177305505,42011.25157997292,8.795918367346939,,
"Copalis","2010-01-01 00:00:00",204,6520.723181772752,19790.96684994186,3.035087719298246,,
"Copalis","2010-01-02 00:00:00",205,7413.838303892626,111207.5745583894,15,,
"Copalis","2010-01-29 00:00:00",217,6807.879940262785,97302.86939009736,14.29268292682927,,
"Copalis","2010-01-30 00:00:00",218,7666.737469603738,93658.52260164564,12.21621621621622,,
"Copalis","2010-01-31 00:00:00",219,2736.778365852557,33357.71366680665,12.18867924528302,,
"Copalis","2010-02-26 00:00:00",228,4087.995378485411,61050.39252045796,14.93406593406593,,
"Copalis","2010-02-28 00:00:00",231,9544.16959633222,141677.8953411094,14.84444444444444,,
"Copalis","2010-03-27 00:00:00",237,8171.922474341684,113112.3526646502,13.84158415841584,,
"Copalis","2010-03-28 00:00:00",238,4158.495853280876,18036.26689853217,4.337209302325581,,
"Copalis","2010-04-30 00:00:00",259,2555.678751508209,37953.73668284579,14.85074626865672,1139,0.03
"Copalis","2010-05-01 00:00:00",269,7118.245210643904,107192.398466167,15.05882352941176,1864,0.01739130434782609
"Copalis","2010-05-02 00:00:00",270,6761.899211194073,101428.4881679111,15,5070,0.05
"Copalis","2010-05-15 00:00:00",275,4922.23260230821,72491.06196126637,14.72727272727273,2173,0.03
"Copalis","2010-10-08 00:00:00",278,3989.974967225834,59523.91226616501,14.91836734693878,1786,0.03
"Copalis","2010-10-09 00:00:00",279,2461.322588717752,12380.08525966988,5.029850746268656,,
"Copalis","2010-11-05 00:00:00",288,4112.553471615228,56502.90856653965,13.73913043478261,,
"Copalis","2010-11-06 00:00:00",290,4061.549414212617,41436.93110230401,10.20224719101124,,
"Copalis","2010-12-04 00:00:00",299,4432.067309985747,66481.0096497862,15,665,0.01
"Copalis","2010-12-05 00:00:00",300,1691.188344316723,25367.82516475084,15,,
"Copalis","2010-12-31 00:00:00",308,10424.47175999655,127836.943162063,12.26315789473684,,
"Copalis","2011-01-01 00:00:00",310,4004.166905333613,42581.94698252628,10.63440860215054,,
"Copalis","2011-02-18 00:00:00",323,5430.193958902474,81452.90938353713,15,,
"Copalis","2011-02-19 00:00:00",324,6222.558086795142,83648.95942391756,13.44285714285714,,
"Copalis","2011-03-19 00:00:00",328,4536.927656419422,56232.92902589578,12.39449541284404,,
"Copalis","2011-03-20 00:00:00",331,3155.555639149232,45209.40290704189,14.32692307692308,2260,0.05
"Copalis","2011-04-21 00:00:00",354,3037.220700108496,45645.08823591626,15.02857142857143,457,0.01
"Copalis","2011-04-22 00:00:00",355,3591.030094443692,52167.87355382745,14.52727272727273,1827,0.035
"Copalis","2011-04-23 00:00:00",356,7118.364591810787,106039.0863331814,14.89655172413793,3182,0.03
"Copalis","2011-10-28 00:00:00",391,3064.026724643052,40131.27685691021,13.09756097560976,,
"Copalis","2011-10-29 00:00:00",397,2636.464686622375,39546.97029933562,15,,
"Copalis","2011-11-25 00:00:00",406,3486.437628614624,50966.21322882694,14.61842105263158,,
"Copalis","2011-12-10 00:00:00",412,1995.636058171891,26597.01160287709,13.32758620689655,,
"Copalis","2011-12-22 00:00:00",417,1958.651509128111,28993.1966811727,14.80263157894737,580,0.02
"Copalis","2011-12-23 00:00:00",420,3056.652347791689,13065.69042781545,4.274509803921569,,
"Copalis","2012-01-20 00:00:00",2,538.6681800381788,3740.751250265131,6.944444444444445,,
"Copalis","2012-01-21 00:00:00",5,1672.144164146593,20714.11240075473,12.38775510204082,,
"Copalis","2012-03-10 00:00:00",525,3766.167508081347,48063.47105551434,12.76190476190476,481,0.01
"Copalis","2012-03-11 00:00:00",532,3272.731061110404,47474.80242968797,14.50617283950617,,
"Copalis","2012-03-24 00:00:00",542,4043.080895870032,59039.34795379443,14.6025641025641,1772,0.03
"Copalis","2012-04-07 00:00:00",550,4040.124961110714,60601.87441666071,15,,
"Copalis","2012-04-23 00:00:00",568,1618.53315160088,24277.99727401319,15,243,0.01
"Copalis","2012-10-13 00:00:00",572,6212.153881865865,92354.02104373919,14.86666666666667,,
"Copalis","2012-10-14 00:00:00",573,2133.359630891877,25877.37526302614,12.12987012987013,,
"Copalis","2012-10-27 00:00:00",585,1974.752040700787,28293.43010038541,14.32758620689655,,
"Copalis","2012-10-28 00:00:00",590,1596.348882065319,23239.86977146255,14.55813953488372,,
"Copalis","2012-11-16 00:00:00",604,1410.885562940875,17308.54253107823,12.26785714285714,,
"Copalis","2012-11-17 00:00:00",606,1360.627657689194,13759.89582856653,10.11290322580645,,
"Copalis","2012-11-30 00:00:00",613,444.8059490172786,3311.333176017518,7.444444444444445,,
"Copalis","2012-12-01 00:00:00",617,703.8123403006076,1533.305455654895,2.178571428571428,,
"Copalis","2012-12-14 00:00:00",625,1553.624963036374,22999.7420998522,14.80392156862745,,
"Copalis","2012-12-15 00:00:00",629,1843.527714506134,23044.09643132667,12.5,,
"Copalis","2012-12-30 00:00:00",635,3201.485887882324,42588.18727169775,13.30263157894737,,
"Copalis","2012-12-31 00:00:00",639,2036.090284177483,19003.50931898985,9.333333333333334,,
"Copalis","2013-01-10 00:00:00",643,1606.628808713185,24099.43213069778,15,,
"Copalis","2013-01-11 00:00:00",647,1809.355340627508,26298.04400256879,14.53448275862069,,
"Copalis","2013-01-12 00:00:00",648,2638.028945098647,38057.96424795647,14.42666666666667,,
"Copalis","2013-01-26 00:00:00",655,3904.829884561015,50132.97722758979,12.83870967741935,,
"Copalis","2013-02-08 00:00:00",673,3112.382917000534,46618.08325681234,14.97826086956522,,
"Copalis","2013-02-09 00:00:00",676,8682.824526043358,128897.1415556296,14.84507042253521,,
"Copalis","2013-03-09 00:00:00",708,8573.842738863083,128136.5508225691,14.94505494505495,10249,0.08
"Copalis","2013-03-10 00:00:00",709,2963.4407748092,43376.95727522916,14.63736263736264,,
"Copalis","2013-03-29 00:00:00",721,3343.22900787181,50088.73460007944,14.98214285714286,1502,0.03
"Copalis","2013-03-30 00:00:00",723,10630.17931323222,159452.6896984833,15,5181,0.0325
"Copalis","2013-04-12 00:00:00",734,1702.498917533076,25051.05550084384,14.71428571428571,877,0.035
"Copalis","2013-04-13 00:00:00",733,3605.902187953202,48657.42088188703,13.49382716049383,,
"Copalis","2013-04-14 00:00:00",735,2765.04862049386,41475.7293074079,15,1244,0.03
"Copalis","2013-04-26 00:00:00",746,3207.547342959746,48404.80535739254,15.09090909090909,2421,0.05
"Copalis","2013-04-27 00:00:00",747,4843.552858321276,72653.29287481916,15,2907,0.04
"Copalis","2013-04-28 00:00:00",748,7839.40030019298,119798.2142961529,15.28155339805825,4793,0.04
"Kalaloch","2012-04-07 00:00:00",559,1381.972533224555,3872.259672302464,2.801980198019802,,
"Kalaloch","2012-04-08 00:00:00",560,443.4388824534457,312.049583948721,0.7037037037037037,,
"Kalaloch","2012-04-09 00:00:00",561,250.4245132079596,698.1531883373423,2.787878787878788,,
"LongBeach","2008-10-17 00:00:00",94,2682.05246496757,39266.92436991583,14.640625,,
"LongBeach","2008-10-17 00:00:00",670,1823.119409614307,26406.74519863223,14.484375,,
"LongBeach","2008-10-18 00:00:00",95,4361.761776540845,53343.16767256034,12.22972972972973,,
"LongBeach","2008-10-18 00:00:00",671,3357.156227657827,41057.11332473423,12.22972972972973,,
"LongBeach","2008-11-14 00:00:00",107,4330.191913994424,63089.88916552341,14.56976744186047,,
"LongBeach","2008-11-15 00:00:00",106,9126.410483393482,107131.6139698348,11.73863636363636,,
"LongBeach","2008-12-12 00:00:00",114,204.0643303537045,734.6315892733363,3.6,,
"LongBeach","2008-12-13 00:00:00",115,1437.556451118654,9213.429982169553,6.409090909090909,,
"LongBeach","2009-01-09 00:00:00",125,2708.284510554508,38254.51871158243,14.125,,
"LongBeach","2009-01-10 00:00:00",126,4414.022994756726,28266.72417796135,6.403846153846154,,
"LongBeach","2009-02-07 00:00:00",135,21386.28845346313,140955.0829887343,6.590909090909091,,
"LongBeach","2009-02-08 00:00:00",136,7373.625865695029,62911.14834348312,8.531914893617021,,
"LongBeach","2009-03-28 00:00:00",143,16925.75960135255,62183.76897018656,3.673913043478261,,
"LongBeach","2009-03-29 00:00:00",144,8951.661543299155,99542.4763614866,11.12,,
"LongBeach","2009-04-11 00:00:00",146,8386.097136719613,125791.4570507942,15,16982,0.135
"LongBeach","2009-04-12 00:00:00",147,2548.129001704705,19535.65567973608,7.666666666666667,,
"LongBeach","2009-04-25 00:00:00",152,9746.120156718556,101760.9604598555,10.44117647058824,10685,0.105
"LongBeach","2009-04-27 00:00:00",158,6551.290077614492,84864.40377463697,12.95384615384615,6506,0.07666666666666666
"LongBeach","2009-05-09 00:00:00",161,4582.423526152965,63221.91102183922,13.79661016949153,,
"LongBeach","2009-05-10 00:00:00",163,6484.422390685377,91926.22330324564,14.17647058823529,4595,0.05
"LongBeach","2009-10-16 00:00:00",176,3361.846224039016,36845.83461546762,10.96,,
"LongBeach","2009-10-17 00:00:00",177,5397.625422851981,80964.3813427797,15,,
"LongBeach","2009-11-04 00:00:00",179,1624.380290473338,23824.24426027562,14.66666666666667,,
"LongBeach","2009-11-14 00:00:00",185,5362.003114020838,77749.04515330216,14.5,,
"LongBeach","2009-11-15 00:00:00",186,1867.012273978604,24444.83512209196,13.09302325581395,,
"LongBeach","2009-12-02 00:00:00",194,1698.56169547503,24670.9124949324,14.52459016393443,,
"LongBeach","2009-12-04 00:00:00",198,957.9504249418017,14000.81390299556,14.61538461538461,,
"LongBeach","2009-12-31 00:00:00",214,2302.597388723871,29482.27636934681,12.80392156862745,,
"LongBeach","2010-01-02 00:00:00",215,3135.158659232838,47027.37988849257,15,,
"LongBeach","2010-02-26 00:00:00",232,3071.612423081423,46012.75409775971,14.98,,
"LongBeach","2010-02-28 00:00:00",233,5072.922590178091,76093.83885267135,15,,
"LongBeach","2010-03-01 00:00:00",236,1513.785384445295,4796.930309151327,3.168831168831169,,
"LongBeach","2010-03-26 00:00:00",241,5511.129109151138,81501.12086417741,14.78846153846154,,
"LongBeach","2010-03-28 00:00:00",242,3390.459034445879,12632.19414446771,3.725806451612903,,
"LongBeach","2010-03-29 00:00:00",243,231.6491081593748,231.6491081593748,1,,
"LongBeach","2010-03-30 00:00:00",244,2051.288882585161,10803.45478161518,5.266666666666667,,
"LongBeach","2010-03-31 00:00:00",245,2841.523447914938,34153.9975210168,12.01960784313725,,
"LongBeach","2010-04-01 00:00:00",250,3579.599889270326,37123.91498065837,10.37096774193548,,
"LongBeach","2010-04-16 00:00:00",251,4195.253887913833,61763.46001650921,14.72222222222222,3088,0.05
"LongBeach","2010-04-17 00:00:00",255,9386.695428905654,137102.642325228,14.60606060606061,,
"LongBeach","2010-04-18 00:00:00",256,8178.220337654515,115312.9067609287,14.1,9224,0.08
"LongBeach","2010-04-27 00:00:00",257,864.7953833308326,12971.93074996249,15,,
"LongBeach","2010-04-28 00:00:00",260,1642.850337836121,24417.26580548588,14.86274509803922,,
"LongBeach","2010-04-29 00:00:00",261,2696.901165473982,40123.28468633741,14.87755102040816,,
"LongBeach","2010-04-30 00:00:00",267,3978.04993664191,59670.74904962865,15,598,0.01
"LongBeach","2010-05-01 00:00:00",272,7004.318590387587,105064.7788558138,15,,
"LongBeach","2010-05-02 00:00:00",273,8933.407145734513,134001.1071860177,15,,
"LongBeach","2010-05-15 00:00:00",277,7876.720248259754,118150.8037238963,15,,
"LongBeach","2010-10-08 00:00:00",285,4625.079762672185,69541.37786017823,15.03571428571429,,
"LongBeach","2010-11-05 00:00:00",292,2671.338641034897,40070.07961552345,15,,
"LongBeach","2010-11-20 00:00:00",297,2314.840772181084,34844.44530756789,15.05263157894737,,
"LongBeach","2010-11-21 00:00:00",298,870.9422662875852,13064.13399431378,15,,
"LongBeach","2010-12-04 00:00:00",305,2296.25074730106,34443.7612095159,15,,
"LongBeach","2010-12-05 00:00:00",306,1134.76216735929,17021.43251038935,15,,
"LongBeach","2010-12-31 00:00:00",313,7304.014894497544,93798.92811881058,12.8421052631579,1406,0.015
"LongBeach","2011-01-01 00:00:00",314,5644.5315864403,68000.00405311609,12.04705882352941,,
"LongBeach","2011-01-20 00:00:00",315,973.4779211897749,3958.810212838418,4.066666666666666,,
"LongBeach","2011-01-21 00:00:00",316,1213.230735274201,9085.75017305346,7.488888888888889,,
"LongBeach","2011-01-22 00:00:00",317,2663.07580633022,33128.66303074794,12.44,,
"LongBeach","2011-02-18 00:00:00",326,2299.399624016095,33038.74196612599,14.36842105263158,,
"LongBeach","2011-02-19 00:00:00",327,4707.257781809782,67769.56838256304,14.3968253968254,,
"LongBeach","2011-03-19 00:00:00",336,6016.116715384261,65880.1916857511,10.95061728395062,,
"LongBeach","2011-03-20 00:00:00",337,3669.616051066556,53668.13474684837,14.625,,
"LongBeach","2011-03-21 00:00:00",339,3900.946928722454,52662.78353775312,13.5,,
"LongBeach","2011-03-22 00:00:00",340,2201.727967578489,33025.91951367734,15,,
"LongBeach","2011-04-07 00:00:00",348,3330.160401592743,41188.82601969971,12.36842105263158,,
"LongBeach","2011-04-08 00:00:00",349,5540.87960169587,66490.55522035045,12,665,0.01
"LongBeach","2011-04-09 00:00:00",350,7519.103268983645,92735.60698413162,12.33333333333333,,
"LongBeach","2011-04-19 00:00:00",357,2744.969756496743,41587.76760111733,15.1505376344086,1665,0.04
"LongBeach","2011-04-20 00:00:00",364,3220.407113517573,48254.98912953315,14.98412698412698,2734,0.05666666666666666
"LongBeach","2011-04-21 00:00:00",365,2809.03388173449,42135.50822601734,15,2107,0.05
"LongBeach","2011-04-22 00:00:00",358,2742.573462129743,41138.60193194616,15,,
"LongBeach","2011-04-23 00:00:00",359,3844.078940327876,57661.18410491815,15,,
"LongBeach","2011-05-03 00:00:00",367,469.852759830679,7047.791397460185,15,,
"LongBeach","2011-05-04 00:00:00",368,1109.580282181553,16643.7042327233,15,444,0.02666666666666667
"LongBeach","2011-05-05 00:00:00",369,1211.783166511244,18176.74749766865,15,,
"LongBeach","2011-05-06 00:00:00",377,2235.99971926721,32676.08680656401,14.61363636363636,,
"LongBeach","2011-05-07 00:00:00",378,2547.530611613788,38212.95917420682,15,,
"LongBeach","2011-05-08 00:00:00",379,1466.162722290272,21992.44083435408,15,,
"LongBeach","2011-05-21 00:00:00",388,3954.376833495927,60073.57472885897,15.19166666666667,400,0.006666666666666667
"LongBeach","2011-05-22 00:00:00",389,3944.601663070821,58984.12174310586,14.953125,394,0.006666666666666667
"LongBeach","2011-10-28 00:00:00",394,2083.046241801997,27700.08300268612,13.29787234042553,,
"LongBeach","2011-10-29 00:00:00",395,2846.007615013218,41286.08380179174,14.50666666666667,,
"LongBeach","2011-11-11 00:00:00",403,1456.563837616197,20473.72315570632,14.0561797752809,,
"LongBeach","2011-11-12 00:00:00",404,1440.533828965448,5500.22007423171,3.818181818181818,,
"LongBeach","2011-11-25 00:00:00",410,4738.419285455282,64433.64542371435,13.5981308411215,,
"LongBeach","2011-11-26 00:00:00",411,2800.758442482506,42119.09811579461,15.03846153846154,,
"LongBeach","2011-12-10 00:00:00",414,2272.024898130402,16446.7473969141,7.238805970149254,,
"LongBeach","2011-12-22 00:00:00",415,1878.026743504726,28321.85492220836,15.08064516129032,96,0.003333333333333334
"Longbeach","2012-01-20 00:00:00",6,1104.084411836303,7917.093099509103,7.170731707317073,,
"Longbeach","2012-02-18 00:00:00",439,6838.880719917176,57532.08405630324,8.4125,,
"LongBeach","2012-02-19 00:00:00",443,10016.60608480981,149317.3139619322,14.90697674418605,,
"LongBeach","2012-03-10 00:00:00",528,5360.66294427368,61966.71093916362,11.55952380952381,,
"LongBeach","2012-03-11 00:00:00",529,6486.344196109178,72871.27430196729,11.23456790123457,,
"LongBeach","2012-03-24 00:00:00",545,5584.755013592708,81215.58985868718,14.54237288135593,406,0.005
"LongBeach","2012-03-25 00:00:00",546,5766.000804074894,49011.00683463661,8.5,,
"LongBeach","2012-04-07 00:00:00",556,14020.80437850123,210312.0656775184,15,,
"LongBeach","2012-04-08 00:00:00",557,10042.05143783828,137285.4137357101,13.67105263157895,,
"LongBeach","2012-04-09 00:00:00",558,5594.369661977884,78053.18151142796,13.95209580838323,2732,0.035
"LongBeach","2012-04-21 00:00:00",564,6010.972302757331,90164.58454135996,15,,
"LongBeach","2012-04-22 00:00:00",565,5904.415797357203,88566.23696035804,15,1181,0.01333333333333333
"LongBeach","2012-04-23 00:00:00",566,3272.837035215417,49092.55552823125,15,,
"LongBeach","2012-10-13 00:00:00",578,5785.329764840789,83353.68321382263,14.40776699029126,,
"LongBeach","2012-10-14 00:00:00",579,1180.698716008569,12790.9027567595,10.83333333333333,,
"LongBeach","2012-10-15 00:00:00",581,605.2428290217229,7245.112688583564,11.97058823529412,,
"LongBeach","2012-10-27 00:00:00",587,1447.040454376777,19770.6108592176,13.66279069767442,,
"LongBeach","2012-10-28 00:00:00",588,946.3487278538987,14195.23091780848,15,,
"LongBeach","2012-11-15 00:00:00",602,1529.964727638645,22949.47091457968,15,,
"LongBeach","2012-11-17 00:00:00",608,3542.54182428583,44711.17181257722,12.62121212121212,,
"LongBeach","2012-11-29 00:00:00",612,305.4271676557219,2054.691855138492,6.727272727272728,,
"LongBeach","2012-11-30 00:00:00",618,357.4766246280628,39.71962495867365,0.1111111111111111,,
"LongBeach","2012-12-01 00:00:00",619,587.5632642718764,1468.908160679691,2.5,,
"LongBeach","2012-12-14 00:00:00",624,1731.511032501847,25998.90050317168,15.01515151515152,,
"LongBeach","2012-12-15 00:00:00",630,1465.350138690489,18472.29265743162,12.60606060606061,,
"LongBeach","2012-12-29 00:00:00",634,5810.285970045861,76607.35740940901,13.18478260869565,,
"LongBeach","2012-12-30 00:00:00",637,3820.01730028171,47300.80245348824,12.38235294117647,,
"LongBeach","2013-01-10 00:00:00",642,1416.517102948782,21247.75654423173,15,,
"LongBeach","2013-01-11 00:00:00",650,1426.79123380961,21401.86850714415,15,,
"LongBeach","2013-01-12 00:00:00",652,2756.260117639719,41246.62199573791,14.96470588235294,,
"LongBeach","2013-01-25 00:00:00",657,2026.272487564015,19140.48165175854,9.446153846153846,,
"LongBeach","2013-01-26 00:00:00",658,3502.928580075687,33917.24498168522,9.682539682539682,,
"LongBeach","2013-01-27 00:00:00",659,553.461348960207,4644.262623883477,8.391304347826088,,
"LongBeach","2013-02-08 00:00:00",679,3484.295061012907,52070.85396735957,14.94444444444444,,
"LongBeach","2013-02-09 00:00:00",684,11085.07435074308,168291.5833249177,15.18181818181818,,
"LongBeach","2013-02-10 00:00:00",685,3044.831981700854,45302.16232233298,14.87837837837838,,
"LongBeach","2013-02-23 00:00:00",699,4613.831086938953,35537.4846815417,7.702380952380953,,
"LongBeach","2013-02-24 00:00:00",700,1817.647092812615,23871.76515227234,13.13333333333333,,
"LongBeach","2013-03-08 00:00:00",713,2351.6699256394,35013.75222618663,14.88888888888889,,
"LongBeach","2013-03-09 00:00:00",714,11634.57752684756,174518.6629027134,15,19198,0.11
"LongBeach","2013-03-10 00:00:00",715,4614.03508530686,68608.69561630201,14.8695652173913,,
"LongBeach","2013-03-29 00:00:00",725,7296.160998359292,109442.4149753894,15,5473,0.05
"LongBeach","2013-03-30 00:00:00",728,13303.46241223034,199551.9361834551,15,7981,0.04
"LongBeach","2013-04-12 00:00:00",741,2255.772552919765,33836.58829379647,15,,
"LongBeach","2013-04-13 00:00:00",742,3620.530887682407,52116.58935690201,14.39473684210526,,
"LongBeach","2013-04-14 00:00:00",743,4682.060196453936,66830.2486988583,14.27368421052632,,
"LongBeach","2013-04-26 00:00:00",755,7169.354955879945,107540.3243381992,15,12099,0.1125
"LongBeach","2013-04-27 00:00:00",756,14848.04669947099,222658.0505059911,14.9957805907173,,
"LongBeach","2013-04-28 00:00:00",757,12612.13693341186,189182.054001178,15,4728,0.025
"LongBeach","2013-04-29 00:00:00",760,4467.833917392596,67103.42864391573,15.01923076923077,2013,0.03
"Mocrocks","2008-10-16 00:00:00",89,1931.603313054788,28766.03087749285,14.89230769230769,,
"Mocrocks","2008-10-16 00:00:00",485,1931.603313054788,27963.67257822394,14.47692307692308,,
"Mocrocks","2008-10-17 00:00:00",91,1001.756458764728,15026.34688147092,15,,
"Mocrocks","2008-10-17 00:00:00",486,1070.5029301761,16057.5439526415,15,,
"Mocrocks","2008-11-13 00:00:00",96,978.543420997261,14365.85022315128,14.68085106382979,,
"Mocrocks","2008-11-13 00:00:00",487,966.9566055720105,14504.34908358016,15,,
"Mocrocks","2008-11-14 00:00:00",97,1197.523475266016,17157.24542744764,14.32727272727273,,
"Mocrocks","2008-11-14 00:00:00",488,1297.021736275766,18582.7841488237,14.32727272727273,,
"Mocrocks","2008-11-15 00:00:00",103,2270.114298247134,32933.59847606289,14.50746268656716,,
"Mocrocks","2008-11-15 00:00:00",489,2319.506852980529,33145.41676867828,14.28985507246377,,
"Mocrocks","2008-11-16 00:00:00",104,337.1829731241767,5057.744596862651,15,,
"Mocrocks","2008-11-16 00:00:00",490,,,15,,
"Mocrocks","2008-12-11 00:00:00",109,1266.429816474425,18701.92868514558,14.76744186046512,,
"Mocrocks","2008-12-11 00:00:00",491,1262.078031497141,17463.63787769299,13.83720930232558,,
"Mocrocks","2008-12-13 00:00:00",113,709.3353854376563,9060.147423090066,12.77272727272727,,
"Mocrocks","2008-12-13 00:00:00",492,,,12.77272727272727,,
"Mocrocks","2009-01-09 00:00:00",118,891.5386254493924,13373.07938174089,15,,
"Mocrocks","2009-01-09 00:00:00",493,883.6364402455798,13254.5466036837,15,,
"Mocrocks","2009-01-10 00:00:00",120,1804.788312738274,24102.6568217305,13.35483870967742,,
"Mocrocks","2009-01-10 00:00:00",494,1798.663257544183,24020.85769752554,13.35483870967742,,
"Mocrocks","2009-01-11 00:00:00",123,664.3124572621537,9964.686858932304,15,,
"Mocrocks","2009-01-11 00:00:00",495,392.0000339854877,5880.000509782316,15,,
"Mocrocks","2009-02-06 00:00:00",128,2450.261411926512,36753.92117889768,15,1471,0.04
"Mocrocks","2009-02-06 00:00:00",496,2471.162692502491,37067.44038753737,15,1482,0.04
"Mocrocks","2009-02-07 00:00:00",131,8210.738939087929,118707.8019498644,14.45762711864407,2376,0.02
"Mocrocks","2009-02-07 00:00:00",497,8250.907212425162,119048.8040649916,14.42857142857143,2381,0.02
"Mocrocks","2009-02-08 00:00:00",134,2512.473483983973,37523.24529341282,14.93478260869565,,
"Mocrocks","2009-02-08 00:00:00",498,2520.126484889068,37226.65101048091,14.77173913043478,,
"Mocrocks","2009-03-27 00:00:00",139,3021.96636478553,44725.10219882584,14.8,3480,0.07777777777777778
"Mocrocks","2009-03-28 00:00:00",140,5582.822723524844,76949.90653925078,13.78333333333333,,
"Mocrocks","2009-03-29 00:00:00",141,3776.390628743087,56161.70678643566,14.87179487179487,,
"Mocrocks","2009-04-25 00:00:00",151,5520.463242166395,82806.94863249591,15,3037,0.03666666666666667
"Mocrocks","2009-04-26 00:00:00",153,4565.271550742054,67762.95223356345,14.84313725490196,2710,0.04
"Mocrocks","2009-04-27 00:00:00",155,1701.158391642301,25517.37587463451,15,,
"Mocrocks","2009-05-09 00:00:00",159,1855.378737342426,27713.25202612737,14.93670886075949,,
"Mocrocks","2009-10-17 00:00:00",170,3496.23817827454,46404.61582073481,13.27272727272727,,
"Mocrocks","2009-10-18 00:00:00",171,1202.496792224423,18037.45188336635,15,,
"Mocrocks","2009-11-14 00:00:00",184,2637.686756169414,39565.30134254122,15,,
"Mocrocks","2009-11-15 00:00:00",190,1324.797421418651,15161.570489569,11.44444444444444,,
"Mocrocks","2009-12-03 00:00:00",197,547.9138046604064,7195.934634540004,13.13333333333333,,
"Mocrocks","2009-12-04 00:00:00",199,944.5962080405702,12344.15499143927,13.06818181818182,,
"Mocrocks","2009-12-05 00:00:00",203,788.1559462508159,11822.33919376224,15,,
"Mocrocks","2009-12-31 00:00:00",207,1486.642864116428,12105.52046494806,8.142857142857142,,
"Mocrocks","2010-01-01 00:00:00",208,2836.26462364111,16257.87400337136,5.732142857142857,,
"Mocrocks","2010-01-02 00:00:00",209,1973.165899846112,26050.78523467715,13.20253164556962,,
"Mocrocks","2010-01-29 00:00:00",220,2377.758311571579,28597.36347700954,12.02702702702703,,
"Mocrocks","2010-01-30 00:00:00",221,3417.62179095135,42275.51338669958,12.36986301369863,,
"Mocrocks","2010-01-31 00:00:00",222,926.8134142299583,13902.20121344937,15,,
"Mocrocks","2010-02-26 00:00:00",227,1724.670579622306,25870.05869433459,15,,
"Mocrocks","2010-02-28 00:00:00",234,2295.738829459996,33868.31907547436,14.75268817204301,,
"Mocrocks","2010-03-27 00:00:00",239,5309.47850156568,74692.66366609346,14.06779661016949,,
"Mocrocks","2010-03-28 00:00:00",240,1908.190897168857,13357.336280182,7,,
"Mocrocks","2010-04-30 00:00:00",258,1606.342115969885,23923.02365569435,14.89285714285714,718,0.03
"Mocrocks","2010-05-01 00:00:00",266,2888.086674611853,43321.3001191778,15,2599,0.06
"Mocrocks","2010-05-02 00:00:00",271,2411.51842685362,36065.59780605526,14.95555555555556,1444,0.04
"Mocrocks","2010-05-15 00:00:00",274,2776.745635432611,41651.18453148917,15,5830,0.14
"Mocrocks","2010-10-08 00:00:00",280,2024.228618953084,29165.99827026768,14.40845070422535,,
"Mocrocks","2010-10-09 00:00:00",281,1683.630434358985,8203.871934694691,4.872727272727273,,
"Mocrocks","2010-11-05 00:00:00",287,1933.217670463186,30058.41668268567,15.54838709677419,,
"Mocrocks","2010-11-06 00:00:00",289,1123.148082835945,13976.9539197362,12.44444444444444,,
"Mocrocks","2010-12-04 00:00:00",301,1503.544609896997,22553.16914845495,15,1127,0.05
"Mocrocks","2010-12-05 00:00:00",302,669.4560683840043,10041.84102576007,15,,
"Mocrocks","2010-12-31 00:00:00",309,4095.968995849807,59752.95946886778,14.58823529411765,3584,0.06
"Mocrocks","2011-01-01 00:00:00",311,5252.081498179924,72362.01175270119,13.77777777777778,,
"Mocrocks","2011-02-18 00:00:00",321,1762.187090168374,21146.24508202048,12,,
"Mocrocks","2011-02-19 00:00:00",322,3280.430257561284,44805.87668864192,13.65853658536585,,
"Mocrocks","2011-03-19 00:00:00",329,4610.050661604189,50639.63342131371,10.98461538461538,,
"Mocrocks","2011-03-20 00:00:00",330,1807.841306827665,26959.03703164062,14.91228070175439,1079,0.04
"Mocrocks","2011-04-21 00:00:00",351,1377.124255821018,20656.86383731527,15,1102,0.05333333333333334
"Mocrocks","2011-04-22 00:00:00",352,1903.103689805921,28546.55534708881,15,2234,0.0782608695652174
"Mocrocks","2011-04-23 00:00:00",353,3298.924212119226,49521.35095692612,15.01136363636364,981,0.0198019801980198
"Mocrocks","2011-05-07 00:00:00",372,2204.72490141257,31730.16243249171,14.39189189189189,1428,0.045
"Mocrocks","2011-05-08 00:00:00",373,2001.554064513158,30023.31096769736,15,299,0.01
"Mocrocks","2011-05-20 00:00:00",380,1931.615533157141,28910.37793840977,14.96694214876033,482,0.01666666666666667
"Mocrocks","2011-05-21 00:00:00",381,3533.33689503779,52085.95631839291,14.74129353233831,2083,0.04
"Mocrocks","2011-05-22 00:00:00",382,2500.142298197458,37502.13447296186,15,751,0.02
"Mocrocks","2011-10-28 00:00:00",392,1055.827794934194,15167.37236184313,14.36538461538461,,
"Mocrocks","2011-10-29 00:00:00",398,1400.383298420207,17987.68202281128,12.8448275862069,,
"Mocrocks","2011-11-11 00:00:00",399,1726.814740650234,24195.0292638834,14.01136363636364,,
"Mocrocks","2011-11-12 00:00:00",402,1598.990421392867,17280.65551794459,10.80722891566265,,
"Mocrocks","2011-11-25 00:00:00",407,1887.580944445742,27088.79461763092,14.35106382978723,,
"Mocrocks","2011-11-26 00:00:00",408,2108.94041502041,31634.10622530615,15,,
"Mocrocks","2011-12-10 00:00:00",413,1375.002230549605,20682.32521785031,15.04166666666667,,
"Mocrocks","2011-12-22 00:00:00",418,2321.155465857402,32728.29206858936,14.1,655,0.02
"Mocrocks","2011-12-23 00:00:00",421,2112.884588052536,26461.36412656271,12.52380952380952,,
"Mocrocks","2012-01-20 00:00:00",3,139.6125604069393,1861.500805425857,13.33333333333333,,
"Mocrocks","2012-02-18 00:00:00",437,6276.717088743517,51488.69486859917,8.203125,,
"Mocrocks","2012-02-19 00:00:00",441,7752.804832087882,109323.2591491044,14.10112359550562,,
"Mocrocks","2012-03-10 00:00:00",526,1997.79247599956,24036.93169535978,12.03174603174603,,
"Mocrocks","2012-03-11 00:00:00",530,1959.79799410775,24319.31147233707,12.40909090909091,,
"Mocrocks","2012-03-24 00:00:00",540,2819.084181992634,42122.04423385109,14.94174757281553,1263,0.03
"Mocrocks","2012-03-25 00:00:00",541,3677.677858610612,54519.96123729768,14.82456140350877,544,0.01
"Mocrocks","2012-04-07 00:00:00",551,4530.800530401555,67693.73687198639,14.94078947368421,3386,0.05
"Mocrocks","2012-04-08 00:00:00",552,8013.008362241462,114608.0737315086,14.30275229357798,2293,0.02
"Mocrocks","2012-04-23 00:00:00",567,1256.454452918586,18846.81679377879,15,377,0.02
"Mocrocks","2012-10-13 00:00:00",574,2973.3739174419,43682.90076241802,14.69135802469136,,
"Mocrocks","2012-10-14 00:00:00",575,1373.362432546218,20060.90124683583,14.60714285714286,,
"Mocrocks","2012-10-27 00:00:00",586,1191.668852383958,17594.6401146102,14.76470588235294,,
"Mocrocks","2012-10-28 00:00:00",591,748.3283346182498,11066.18870586988,14.78787878787879,,
"Mocrocks","2012-11-16 00:00:00",603,671.5469557592845,9687.890509314268,14.42622950819672,,
"Mocrocks","2012-11-17 00:00:00",607,606.3009706253684,8935.721448026263,14.73809523809524,,
"Mocrocks","2012-11-30 00:00:00",614,298.4693917790673,459.1836796601036,1.538461538461539,,
"Mocrocks","2012-12-01 00:00:00",616,355.9808504826799,355.9808504826799,1,,
"Mocrocks","2012-12-14 00:00:00",626,904.4129046164805,13566.19356924721,15,,
"Mocrocks","2012-12-15 00:00:00",628,746.3942153693439,9722.26311301607,13.02564102564103,,
"Mocrocks","2012-12-29 00:00:00",633,5157.342550934421,75961.5368942714,14.72881355932203,,
"Mocrocks","2012-12-30 00:00:00",636,1891.035218134311,27843.86338425347,14.72413793103448,,
"Mocrocks","2012-12-31 00:00:00",638,827.601649622662,9325.657612821215,11.26829268292683,,
"Mocrocks","2013-01-11 00:00:00",645,992.8894406010784,14691.66094139408,14.796875,,
"Mocrocks","2013-01-12 00:00:00",646,1102.629160022087,16539.4374003313,15,,
"Mocrocks","2013-01-26 00:00:00",653,1653.984443582924,21453.15116529616,12.97058823529412,,
"Mocrocks","2013-02-08 00:00:00",672,2048.297461218104,30805.31576542491,15.03947368421053,,
"Mocrocks","2013-02-09 00:00:00",677,4403.800125501599,66057.001882524,15,,
"Mocrocks","2013-03-09 00:00:00",707,4369.393355859088,65760.74402874715,15.05031446540881,,
"Mocrocks","2013-03-10 00:00:00",710,1791.183318443696,25721.39245285148,14.36,,
"Mocrocks","2013-03-29 00:00:00",720,2127.730990126266,31915.96485189398,15,1117,0.035
"Mocrocks","2013-03-30 00:00:00",724,4375.007370299365,65804.90537792744,15.04109589041096,3948,0.06
"Mocrocks","2013-04-12 00:00:00",737,783.242223277035,11748.63334915552,15,430,0.03666666666666667
"Mocrocks","2013-04-13 00:00:00",738,1215.384659964659,17324.05435949625,14.25396825396825,,
"Mocrocks","2013-04-14 00:00:00",739,1316.013614852548,19706.8874224122,14.9746835443038,,
"Mocrocks","2013-04-26 00:00:00",749,1397.284227325051,20959.26340987577,15,732,0.035
"Mocrocks","2013-04-27 00:00:00",750,2893.427943863226,43401.41915794839,15,1520,0.035
"Mocrocks","2013-04-28 00:00:00",751,2502.269238413164,37534.03857619745,15,3127,0.08333333333333333
"Mocrocks","2013-04-29 00:00:00",758,1064.957304019666,16165.09818191045,15.17910447761194,0,0
"Twin Harbors","2008-10-17 00:00:00",90,698.5100953636738,10186.60555738691,14.58333333333333,,
"Twin Harbors","2008-10-17 00:00:00",477,1146.997834488158,16727.0517529523,14.58333333333333,,
"Twin Harbors","2008-11-14 00:00:00",100,975.3258656833229,12931.47570190475,13.25862068965517,,
"Twin Harbors","2008-11-14 00:00:00",478,971.5858110701288,12821.46275680045,13.19642857142857,,
"Twin Harbors","2008-11-15 00:00:00",102,972.4787811539733,13513.40306311875,13.89583333333333,,
"Twin Harbors","2008-11-15 00:00:00",479,1060.356246080187,14734.53366948926,13.89583333333333,,
"Twin Harbors","2008-12-13 00:00:00",116,369.039230350576,4853.425029459091,13.15151515151515,,
"Twin Harbors","2008-12-13 00:00:00",480,157.7812153488899,2056.245516159727,13.03225806451613,,
"Twin Harbors","2009-01-09 00:00:00",117,482.4997182858959,6982.054746960612,14.47058823529412,,
"Twin Harbors","2009-01-09 00:00:00",481,482.9798972346501,6989.003218807289,14.47058823529412,,
"Twin Harbors","2009-01-10 00:00:00",122,972.7078353870015,7604.806713025648,7.818181818181818,,
"Twin Harbors","2009-01-10 00:00:00",482,972.30599210739,7601.665029203232,7.818181818181818,,
"Twin Harbors","2009-02-06 00:00:00",127,2167.025932852623,32505.38899278934,15,,
"Twin Harbors","2009-02-06 00:00:00",483,2168.855565754324,32532.83348631486,15,,
"Twin Harbors","2009-02-07 00:00:00",132,4946.575177065286,74198.6276559793,15,2597,0.035
"Twin Harbors","2009-02-07 00:00:00",484,4870.662688498898,68371.92748980329,14.0375,2393,0.035
"Twin Harbors","2009-03-27 00:00:00",142,2762.544701638131,41438.17052457196,15,3522,0.08500000000000001
"Twin Harbors","2009-04-10 00:00:00",145,2957.6467833495,44364.7017502425,15,1775,0.04
"Twin Harbors","2009-04-11 00:00:00",148,4396.281492311655,62187.40001851758,14.14545454545454,,
"Twin Harbors","2009-04-12 00:00:00",149,1320.899536179243,12081.39819676137,9.146341463414634,,
"Twin Harbors","2009-04-27 00:00:00",157,1263.090056116904,18946.35084175356,15,189,0.01
"Twin Harbors","2009-05-10 00:00:00",162,3060.339713690877,45905.09570536316,15,2753,0.06
"Twin Harbors","2009-10-16 00:00:00",172,1512.450894703896,17785.30218772174,11.75925925925926,,
"Twin Harbors","2009-10-17 00:00:00",173,2241.471895404777,29598.9237470118,13.2051282051282,,
"Twin Harbors","2009-10-18 00:00:00",174,1826.347239934594,27395.20859901891,15,,
"Twin Harbors","2009-10-19 00:00:00",175,1763.369748902366,26450.54623353549,15,,
"Twin Harbors","2009-11-04 00:00:00",178,1367.064875185389,20471.7965059012,14.975,,
"Twin Harbors","2009-11-05 00:00:00",180,199.3313934775048,2029.556006316413,10.18181818181818,,
"Twin Harbors","2009-11-07 00:00:00",181,781.6948094414947,10162.03252273943,13,,
"Twin Harbors","2009-11-14 00:00:00",182,2023.729706434835,28369.01097565924,14.01818181818182,1135,0.04
"Twin Harbors","2009-11-15 00:00:00",188,728.7378523536896,7406.626535740227,10.16363636363636,,
"Twin Harbors","2009-11-17 00:00:00",192,329.6614866491733,3379.030238154026,10.25,,
"Twin Harbors","2009-12-02 00:00:00",193,759.0254716995601,11418.3831829586,15.04347826086956,,
"Twin Harbors","2009-12-03 00:00:00",195,459.3436533484474,6247.073685538886,13.6,,
"Twin Harbors","2009-12-05 00:00:00",200,516.6728504187759,7738.611137383442,14.97777777777778,,
"Twin Harbors","2009-12-31 00:00:00",211,940.3668643007371,5915.210920601411,6.290322580645161,,
"Twin Harbors","2010-01-02 00:00:00",212,835.5888489860104,9904.784892858563,11.85365853658537,,
"Twin Harbors","2010-01-03 00:00:00",213,429.6224680669741,6444.337021004611,15,,
"Twin Harbors","2010-01-28 00:00:00",216,1131.510814162715,16972.66221244072,15,,
"Twin Harbors","2010-01-29 00:00:00",223,2078.734658812911,31181.01988219367,15,,
"Twin Harbors","2010-01-30 00:00:00",224,3072.065275162181,46080.97912743271,15,,
"Twin Harbors","2010-01-31 00:00:00",225,620.4627512995663,7360.944458599401,11.86363636363636,,
"Twin Harbors","2010-02-26 00:00:00",229,1633.755506822666,24506.33260233999,15,,
"Twin Harbors","2010-02-28 00:00:00",230,2216.666153472425,31121.99279475284,14.04,,
"Twin Harbors","2010-03-01 00:00:00",235,1174.513081812325,15310.61695933924,13.03571428571429,,
"Twin Harbors","2010-03-26 00:00:00",246,1346.866437389964,19953.57685022169,14.81481481481481,,
"Twin Harbors","2010-03-27 00:00:00",247,4244.037058544284,62532.39412842465,14.73417721518987,,
"Twin Harbors","2010-03-29 00:00:00",248,92.22222466527687,0,0,,
"Twin Harbors","2010-03-31 00:00:00",249,1155.147411015077,17327.21116522615,15,,
"Twin Harbors","2010-04-16 00:00:00",252,2302.052670591191,33625.06441797952,14.60655737704918,673,0.02
"Twin Harbors","2010-04-17 00:00:00",253,3307.17160751393,48453.9095984599,14.65116279069767,,
"Twin Harbors","2010-04-18 00:00:00",254,6927.08395011422,103667.3942879162,14.96551724137931,4493,0.04333333333333333
"Twin Harbors","2010-04-27 00:00:00",262,797.9266528514353,11862.50957239134,14.86666666666667,,
"Twin Harbors","2010-04-28 00:00:00",263,1593.870683966437,23908.06025949656,15,717,0.03
"Twin Harbors","2010-04-29 00:00:00",264,1076.550828414182,16148.26242621273,15,727,0.045
"Twin Harbors","2010-04-30 00:00:00",265,1173.685655909308,17605.28483863963,15,,
"Twin Harbors","2010-05-01 00:00:00",268,4129.459495283865,60885.51906999932,14.74418604651163,2739,0.045
"Twin Harbors","2010-05-16 00:00:00",276,3479.313121437282,52189.69682155925,15,1043,0.02
"Twin Harbors","2010-10-07 00:00:00",282,3251.168027096826,47623.59091543686,14.64814814814815,1905,0.04
"Twin Harbors","2010-10-08 00:00:00",283,2126.027060335803,31181.73021825843,14.66666666666667,,
"Twin Harbors","2010-10-10 00:00:00",284,1230.271673139566,12633.94372031785,10.26923076923077,,
"Twin Harbors","2010-11-06 00:00:00",293,1555.055635210727,10653.78541569902,6.851063829787234,,
"Twin Harbors","2010-11-07 00:00:00",291,1085.335767202958,14471.1435627061,13.33333333333333,,
"Twin Harbors","2010-11-08 00:00:00",294,1009.350120983512,12016.07286885134,11.90476190476191,,
"Twin Harbors","2010-11-20 00:00:00",295,1937.172584184308,28291.72983413361,14.6046511627907,,
"Twin Harbors","2010-11-21 00:00:00",296,478.6835729258522,7180.253593887783,15,,
"Twin Harbors","2010-12-03 00:00:00",303,1458.579277686115,21878.68916529173,15,3282,0.15
"Twin Harbors","2010-12-04 00:00:00",304,2250.810703154274,33762.16054731412,15,946,0.028
"Twin Harbors","2010-12-06 00:00:00",307,545.1713810755548,8177.570716133322,15,,
"Twin Harbors","2011-01-02 00:00:00",312,1599.474297606594,11533.05151432123,7.210526315789473,,
"Twin Harbors","2011-01-20 00:00:00",318,782.2349415229771,1014.008257529785,1.296296296296296,,
"Twin Harbors","2011-01-21 00:00:00",319,844.5905184371849,2562.401742377222,3.033898305084746,,
"Twin Harbors","2011-01-22 00:00:00",320,2431.808523183398,18627.65328758483,7.66,,
"Twin Harbors","2011-02-17 00:00:00",325,2056.821144528367,28476.83359255471,13.84507042253521,1139,0.04
"Twin Harbors","2011-03-19 00:00:00",332,2847.92778622189,15472.32409230997,5.432835820895522,,
"Twin Harbors","2011-03-20 00:00:00",333,1860.511980050607,26018.97814525319,13.98484848484848,,
"Twin Harbors","2011-03-21 00:00:00",334,1510.712968300184,11431.06146013806,7.566666666666666,,
"Twin Harbors","2011-03-22 00:00:00",335,1042.316256138017,13767.26054982298,13.20833333333333,,
"Twin Harbors","2011-04-07 00:00:00",345,1986.433458229725,27504.46326779619,13.84615384615385,,
"Twin Harbors","2011-04-08 00:00:00",346,4329.08896509018,34632.71172072144,8,,
"Twin Harbors","2011-04-09 00:00:00",347,5315.719300252855,57835.02598675107,10.88,868,0.015
"Twin Harbors","2011-04-19 00:00:00",360,1776.960009101479,26654.40013652219,15,2132,0.08
"Twin Harbors","2011-04-20 00:00:00",361,1635.23645199139,24528.54677987085,15,1348,0.055
"Twin Harbors","2011-04-21 00:00:00",362,1379.013134084378,20685.19701126568,15,826,0.04
"Twin Harbors","2011-04-23 00:00:00",363,2538.102004917018,37011.66330247124,14.58241758241758,1850,0.05
"Twin Harbors","2011-05-03 00:00:00",366,380.9801484532735,5714.702226799101,15,114,0.02
"Twin Harbors","2011-05-04 00:00:00",370,609.4807646909599,9142.211470364397,15,,
"Twin Harbors","2011-05-05 00:00:00",371,618.9205341104157,9283.808011656236,15,464,0.05
"Twin Harbors","2011-05-06 00:00:00",374,1222.791925182187,18341.87887773281,15,917,0.05
"Twin Harbors","2011-05-07 00:00:00",375,1141.479847934385,16449.01729587498,14.41025641025641,,
"Twin Harbors","2011-05-08 00:00:00",376,1248.955594400557,17980.65381593905,14.39655172413793,1438,0.08
"Twin Harbors","2011-05-18 00:00:00",383,1140.689220244253,17120.43289853321,15.00884955752212,1940,0.1133333333333333
"Twin Harbors","2011-05-19 00:00:00",384,1798.572588981566,26960.78118532764,14.99009900990099,1168,0.04333333333333333
"Twin Harbors","2011-05-20 00:00:00",385,1436.937847258188,21407.10815631233,14.89772727272727,1284,0.06
"Twin Harbors","2011-05-21 00:00:00",386,2286.362916454324,27588.77919188218,12.06666666666667,414,0.015
"Twin Harbors","2011-05-22 00:00:00",387,1769.226505881502,18247.02252252362,10.3135593220339,639,0.035
"Twin Harbors","2011-10-28 00:00:00",393,1039.594398833961,12413.98017431141,11.94117647058824,,
"Twin Harbors","2011-10-29 00:00:00",396,1500.16682236388,22522.50455975638,15.01333333333333,,
"Twin Harbors","2011-11-11 00:00:00",400,1148.513135921253,13437.60369027867,11.7,,
"Twin Harbors","2011-11-12 00:00:00",401,826.7686271136083,7090.591954567556,8.576271186440678,,
"Twin Harbors","2011-11-26 00:00:00",409,880.5863639794055,12697.4872483482,14.41935483870968,,
"Twin Harbors","2011-12-22 00:00:00",416,1291.547252349751,19334.07098972051,14.96969696969697,773,0.04
"Twin Harbors","2011-12-23 00:00:00",419,1585.26018049507,12800.97595749769,8.074999999999999,,
"Twin Harbors","2012-01-20 00:00:00",4,103.1558872494309,815.8692900636805,7.909090909090909,,
"Twin Harbors","2012-02-18 00:00:00",438,1858.237783448912,11362.66710207285,6.114754098360656,,
"Twin Harbors","2012-02-19 00:00:00",442,4572.360628259835,44173.65352725603,9.661016949152541,,
"Twin Harbors","2012-03-10 00:00:00",527,1595.779211448291,22781.12391515836,14.27586206896552,,
"Twin Harbors","2012-03-11 00:00:00",531,1716.26939631986,25083.93733082872,14.61538461538461,2007,0.08
"Twin Harbors","2012-03-24 00:00:00",543,1928.392580134674,26562.92877988326,13.77464788732394,797,0.03
"Twin Harbors","2012-03-25 00:00:00",544,2214.307763539981,32734.84977099938,14.78333333333333,163,0.005
"Twin Harbors","2012-04-07 00:00:00",553,5785.312892259803,86779.69338389704,15,3471,0.04
"Twin Harbors","2012-04-08 00:00:00",554,2386.619964092883,35799.29946139325,15,715,0.02
"Twin Harbors","2012-04-09 00:00:00",555,2354.844658704827,35461.19015461385,15.05882352941176,3120,0.08799999999999999
"Twin Harbors","2012-04-21 00:00:00",562,3487.893990364122,52318.40985546182,15,,
"Twin Harbors","2012-04-22 00:00:00",563,2704.699151052811,40570.48726579217,15,1352,0.03333333333333333
"Twin Harbors","2012-05-05 00:00:00",570,3902.623615971989,58539.35423957983,15,,
"Twin Harbors","2012-05-06 00:00:00",571,3594.853476247632,53922.80214371449,15,5123,0.095
"Twin Harbors","2012-05-07 00:00:00",569,2389.474727215192,35842.12090822787,15,,
"Twin Harbors","2012-10-13 00:00:00",576,2343.253961356743,35929.89407413673,15.33333333333333,,
"Twin Harbors","2012-10-14 00:00:00",577,967.3449140860732,12812.75716393252,13.24528301886792,,
"Twin Harbors","2012-10-15 00:00:00",580,758.7548659249173,11086.25165212518,14.61111111111111,,
"Twin Harbors","2012-10-16 00:00:00",582,1084.474901783315,16281.9793473221,15.01369863013699,,
"Twin Harbors","2012-10-17 00:00:00",583,1412.233491702152,20600.18854200312,14.58695652173913,,
"Twin Harbors","2012-10-18 00:00:00",584,286.8526043550337,4141.4344753758,14.4375,,
"Twin Harbors","2012-10-28 00:00:00",589,857.7157011725951,12881.91883270539,15.0188679245283,,
"Twin Harbors","2012-10-29 00:00:00",592,761.2903167256208,11419.35475088431,15,,
"Twin Harbors","2012-10-30 00:00:00",593,151.0051414286266,604.0205657145062,4,,
"Twin Harbors","2012-11-13 00:00:00",599,1032.95613985878,15494.34209788171,15,,
"Twin Harbors","2012-11-14 00:00:00",600,1391.238837569859,20868.58256354789,15,418,0.02
"Twin Harbors","2012-11-15 00:00:00",601,1753.378355781731,26300.67533672597,15,2104,0.08
"Twin Harbors","2012-11-16 00:00:00",605,439.1464693437517,4616.393372857488,10.51219512195122,,
"Twin Harbors","2012-11-27 00:00:00",609,1202.150528388763,17707.35237761826,14.72972972972973,,
"Twin Harbors","2012-11-28 00:00:00",610,582.0238369624476,7065.498671962736,12.13953488372093,,
"Twin Harbors","2012-11-29 00:00:00",611,190.631811843586,63.54393728119533,0.3333333333333333,,
"Twin Harbors","2012-11-30 00:00:00",615,109.8039236219055,15.68627480312936,0.1428571428571428,,
"Twin Harbors","2012-12-11 00:00:00",620,1130.519040820732,16542.78495175653,14.63291139240506,,
"Twin Harbors","2012-12-12 00:00:00",621,1520.430095833373,22806.45143750059,15,,
"Twin Harbors","2012-12-13 00:00:00",623,1417.416284035532,14828.35497144865,10.46153846153846,,
"Twin Harbors","2012-12-15 00:00:00",627,377.9149508766563,3679.698205904285,9.736842105263158,,
"Twin Harbors","2012-12-28 00:00:00",631,2141.878700755197,6230.919856742392,2.909090909090909,,
"Twin Harbors","2012-12-29 00:00:00",632,1820.921939612976,16816.74967760219,9.235294117647058,,
"Twin Harbors","2013-01-08 00:00:00",640,370.5179472919186,4861.195468469972,13.12,,
"Twin Harbors","2013-01-09 00:00:00",641,844.5693208184409,11674.92884660786,13.82352941176471,,
"Twin Harbors","2013-01-10 00:00:00",644,1061.144108830779,15917.16163246169,15,,
"Twin Harbors","2013-01-13 00:00:00",649,753.3482311243594,10697.5448819659,14.2,,
"Twin Harbors","2013-01-14 00:00:00",651,86.36810747984296,1195.866103567056,13.84615384615385,,
"Twin Harbors","2013-01-25 00:00:00",656,1649.606246566573,24546.14094891061,14.88,,
"Twin Harbors","2013-01-27 00:00:00",654,823.705083421085,9862.784551489305,11.97368421052632,,
"Twin Harbors","2013-02-07 00:00:00",669,1354.330665438905,20314.95998158357,15,,
"Twin Harbors","2013-02-08 00:00:00",674,1603.610473116117,24054.15709674175,15,,
"Twin Harbors","2013-02-09 00:00:00",675,4171.630616736788,62574.45925105181,15,2711,0.04333333333333333
"Twin Harbors","2013-02-10 00:00:00",678,3552.139791464764,52340.56584290852,14.73493975903614,0,0
"Twin Harbors","2013-02-11 00:00:00",687,745.8587097647353,9576.8258333792,12.84,,
"Twin Harbors","2013-02-12 00:00:00",698,157.4803099347564,2062.992060145309,13.1,,
"Twin Harbors","2013-02-23 00:00:00",701,3168.802838477976,38230.07295454074,12.06451612903226,,
"Twin Harbors","2013-02-24 00:00:00",702,961.6161523528422,11924.04028917524,12.4,,
"Twin Harbors","2013-03-07 00:00:00",706,890.68828103277,13360.32421549155,15,935,0.07000000000000001
"Twin Harbors","2013-03-08 00:00:00",711,2041.666712301474,30625.0006845221,15,1838,0.06
"Twin Harbors","2013-03-10 00:00:00",712,1421.782053291062,21326.73079936593,15,,
"Twin Harbors","2013-03-11 00:00:00",718,656.5277924523175,9870.55577617967,15.03448275862069,98,0.01
"Twin Harbors","2013-03-28 00:00:00",719,1679.261103818383,25188.91655727574,15,1637,0.065
"Twin Harbors","2013-03-29 00:00:00",722,1335.260131555147,20028.90197332721,15,1403,0.07000000000000001
"Twin Harbors","2013-03-30 00:00:00",726,3488.46166641755,52326.92499626325,15,4186,0.08
"Twin Harbors","2013-03-31 00:00:00",727,5250.137093569746,78752.05640354619,15,10237,0.13
"Twin Harbors","2013-04-09 00:00:00",729,517.6470443039209,7764.705664558813,15,0,0
"Twin Harbors","2013-04-10 00:00:00",730,566.210950155801,7752.73454828712,13.69230769230769,,
"Twin Harbors","2013-04-11 00:00:00",731,753.7878828723569,11306.81824308535,15,112,0.01
"Twin Harbors","2013-04-12 00:00:00",732,731.9512946465268,10979.2694196979,15,,
"Twin Harbors","2013-04-14 00:00:00",740,1291.487106127614,19427.26349004731,15.04255319148936,972,0.05
"Twin Harbors","2013-04-24 00:00:00",744,742.4242464471455,11136.36369670718,15,,
"Twin Harbors","2013-04-25 00:00:00",745,1216.981197770021,18254.71796655032,15,1279,0.07000000000000001
"Twin Harbors","2013-04-26 00:00:00",752,1699.10206573274,25513.50086005035,15.01587301587302,1361,0.05333333333333334
"Twin Harbors","2013-04-27 00:00:00",753,3860.596031579204,57994.73149661205,15.02222222222222,1450,0.025
"Twin Harbors","2013-04-28 00:00:00",754,2126.524992597476,31930.09496460756,15.01515151515152,958,0.03
"Twin Harbors","2013-04-29 00:00:00",759,864.1900857376094,12951.17304166228,14.98648648648649,,
"Twin Harbors","2013-04-30 00:00:00",761,1050.141463407115,15752.12195110672,15,1103,0.07000000000000001
"Twin Harbors","2013-05-08 00:00:00",763,665.4813248369843,9982.219872554764,15,,
