season,date,beach,donor,typed in the workbook,typed value,donor measured CPUE,ratio typed / donor,imputed effort,harvest change (clams)
2007-08,2007-12-22 00:00:00,Twin Harbors,Copalis; Mocrocks,no,12.1339728383904,14.2533885542169,0.851304431380326,2431.98700041385,5154.3914693627
2007-08,2008-02-09 00:00:00,Longbeach,Twin Harbors,no,5.06437415857562,5.27272727272727,0.960484754212618,600.165433325898,125.046337039627
2007-08,2008-05-06 00:00:00,Longbeach,Twin Harbors,no,14.0169322675079,15,0.934462151167191,2616.10281935761,2571.80626659216
2007-08,2008-05-07 00:00:00,Twin Harbors,Longbeach,no,15.4737724805633,14.8181818181818,1.04424231463924,1664.10615332136,-1090.97245532899
2007-08,2008-05-24 00:00:00,Twin Harbors,Copalis; Mocrocks,no,9.80055812686512,14.8709677419355,0.65903970050503,2497.17210095718,12661.6854311788
2008-09,2008-10-16 00:00:00,Twin Harbors,Copalis,no,14.5448389052158,14.6909090909091,0.990057103696617,1921.97142975874,280.742723642142
2008-09,2008-10-18 00:00:00,Mocrocks,Copalis,no,14.8133280019479,14.6,1.01461150698274,1929.04434978702,-411.519176809037
2008-09,2008-10-18 00:00:00,Twin Harbors,Copalis,no,14.4540501851945,14.6,0.99000343734209,2477.0397994533,361.523499996026
2008-09,2008-11-16 00:00:00,Twin Harbors,Copalis; Mocrocks,no,13.8867218272592,15,0.925781455150615,594.699178758632,662.065615058853
2008-09,2008-12-12 00:00:00,Mocrocks,Copalis,no,0.514735764560167,0.5,1.02947152912033,229.93136756482,-3.38821449743238
2008-09,2008-12-12 00:00:00,Twin Harbors,Copalis,no,0.512935866513489,0.5,1.02587173302698,100.913326696092,-1.30540132357273
2008-09,2008-12-14 00:00:00,Mocrocks,Copalis,no,15.3541912209045,15,1.0236127480603,41.1667513980681,-14.5809019383534
2008-09,2008-12-14 00:00:00,Twin Harbors,Copalis,no,15.3005015791707,15,1.02003343861138,18.0674515045405,-5.42929770870357
2008-09,2009-01-11 00:00:00,Twin Harbors,Copalis; Mocrocks,no,10.8971405705956,15.2272727272727,0.715633112098818,376.556856608826,1630.54095361912
2008-09,2009-02-08 00:00:00,Twin Harbors,Copalis; Mocrocks,no,13.7314561209653,14.2590579710145,0.962998828455453,3155.54359024951,1664.87063612639
2008-09,2009-03-28 00:00:00,Twin Harbors,Copalis; Mocrocks,yes,5.9,11.3403846153846,0.520264541292183,6007.49164454432,32683.0651200305
2008-09,2009-03-29 00:00:00,Twin Harbors,Copalis; Mocrocks,yes,12.75,14.8003042155585,0.861468778905023,3697.98523338076,7581.99471307349
2008-09,2009-04-25 00:00:00,Twin Harbors,Copalis; Mocrocks,no,14.9843717523473,15,0.998958116823152,3771.33279477272,58.9393228975498
2008-09,2009-04-26 00:00:00,Longbeach,Copalis; Mocrocks,no,10.3317235710738,14.8429169420577,0.696070968489938,8446.25117822637,38102.6723248797
2008-09,2009-04-26 00:00:00,Twin Harbors,Copalis; Mocrocks,no,14.827293386675,14.8429169420577,0.998947406669204,3268.33894402321,51.0630745015894
2008-09,2009-05-09 00:00:00,Twin Harbors,Copalis; Mocrocks,yes,15,14.9683544303798,1.00211416490486,1519.69415035762,-48.091587036635
2009-10,2009-10-18 00:00:00,Longbeach,Copalis; Twin Harbors,no,14.4312538219833,14.9539473684211,0.965046450040236,2656.79444091017,1388.68930847553
2009-10,2009-11-07 00:00:00,Longbeach,Twin Harbors,no,12.7323316638843,13,0.979410127991096,928.829102898194,248.618140508643
2009-10,2009-11-16 00:00:00,Longbeach,Copalis,no,5.4406543989132,5.07692307692308,1.07164404827078,362.893036596703,-131.995563942327
2009-10,2009-11-16 00:00:00,Mocrocks,Copalis,no,5.31475156800602,5.07692307692308,1.04684500581937,198.94066160381,-47.313757364277
2009-10,2009-11-16 00:00:00,Twin Harbors,Copalis,no,5.0023096510154,5.07692307692308,0.985303416109093,138.172525154785,10.3095254681136
2009-10,2009-12-04 00:00:00,Twin Harbors,Copalis; Mocrocks,no,13.5141372205961,13.7536031042129,0.982588861856613,585.802838559572,140.279794360881
2009-10,2009-12-05 00:00:00,Longbeach,Twin Harbors,no,14.4611558587869,14.9777777777778,0.96550743864304,1156.22037142992,597.328787064511
2009-10,2010-01-01 00:00:00,Longbeach,Copalis; Mocrocks,no,4.56366923102003,4.38361528822055,1.0410743030492,4671.84678548627,-841.184433881864
2009-10,2010-01-01 00:00:00,Twin Harbors,Copalis; Mocrocks,no,2.88929483803901,4.38361528822055,0.65911231895805,1525.81191894446,2280.05195360945
2009-10,2010-03-27 00:00:00,Longbeach,Copalis; Mocrocks,no,10.0293992051761,13.9546903842927,0.71871169685464,7534.91233817423,29576.7249364518
2009-10,2010-03-28 00:00:00,Twin Harbors,Copalis; Mocrocks,no,5.47357737034043,5.66860465116279,0.965595187383133,1909.67500905939,372.438724271263
2009-10,2010-03-30 00:00:00,Twin Harbors,Longbeach,no,6.57259380097879,5.26666666666667,1.24796084828711,833.898113246607,-1089.01017334043
2009-10,2010-04-01 00:00:00,Twin Harbors,Longbeach,no,12.9425617007841,10.3709677419355,1.24796084828711,1455.19318082511,-3742.16599276754
2009-10,2010-05-02 00:00:00,Twin Harbors,Copalis; Mocrocks,no,14.6903552972795,14.9777777777778,0.98081007177682,3786.09448428285,1088.20866807352
2009-10,2010-05-15 00:00:00,Twin Harbors,Copalis; Mocrocks,no,14.5317677115393,14.8636363636364,0.97767244542466,3177.364446751,1054.46765616451
2009-10,2010-05-16 00:00:00,Longbeach,Twin Harbors,no,11.4544498067646,15,0.763629987117639,4107.72982336058,14564.162268975
2010-11,2010-10-09 00:00:00,Longbeach,Copalis; Mocrocks,no,5.06311826338867,4.95128900949797,1.02258588696321,3187.72125312208,-356.480489348195
2010-11,2010-10-09 00:00:00,Twin Harbors,Copalis; Mocrocks,no,4.93884536856282,4.95128900949797,0.997486787599901,1465.31130114598,18.2338076896696
2010-11,2010-11-05 00:00:00,Twin Harbors,Copalis; Mocrocks,no,9.17785931599796,14.6437587657784,0.626742045044205,1813.28184580213,9911.21624326674
2010-11,2010-11-06 00:00:00,Longbeach,Copalis; Mocrocks,no,11.1971598069363,11.3233458177278,0.988856119664389,2290.91810350082,289.081816530813
2010-11,2010-12-05 00:00:00,Twin Harbors,Copalis; Mocrocks,no,15.0052484234741,15,1.00034989489827,894.864093572117,-4.69662571483802
2010-11,2010-12-31 00:00:00,Twin Harbors,Copalis; Mocrocks,no,12.9202921272345,13.4256965944272,0.962355438048369,5505.68925367252,2782.59994378106
2010-11,2011-01-01 00:00:00,Twin Harbors,Copalis; Mocrocks,no,12.1290642225589,12.2060931899642,0.993689302039037,4189.55651266031,322.717212056072
2010-11,2011-02-18 00:00:00,Twin Harbors,Copalis; Mocrocks,no,12.8177306475596,13.5,0.949461529448856,2461.27063263385,1679.24952070777
2010-11,2011-02-19 00:00:00,Twin Harbors,Copalis; Mocrocks,no,12.1452924319002,13.5506968641115,0.89628544964846,3252.14889070071,4570.58446520199
2011-12,2011-11-25 00:00:00,Twin Harbors,Copalis; Mocrocks,no,14.4432607690287,14.4847424412094,0.997136181582165,1673.31393613109,69.4118601540483
2011-12,2011-12-10 00:00:00,Twin Harbors,Copalis; Mocrocks,no,14.6231267640981,14.1830238726791,1.0310302581008,1026.1746607944,-451.622435316539
2011-12,2011-12-23 00:00:00,Longbeach,Twin Harbors,no,8.13484801488834,8.075,1.00741151887162,2305.11195696978,-137.95637472001
2011-12,2012-01-21 00:00:00,Longbeach,Copalis,no,11.4847122855288,12.3877551020408,0.927101980215667,1996.7486689318,1803.14954185884
2011-12,2012-01-21 00:00:00,Mocrocks,Copalis,no,13.2156796492363,12.3877551020408,1.06683410677526,1832.19952191555,-1516.92295955376
2011-12,2012-01-21 00:00:00,Twin Harbors,Copalis,no,13.6540141873948,12.3877551020408,1.10221860820815,933.85909930349,-1182.50756893355
2011-12,2012-04-23 00:00:00,Twin Harbors,Copalis; Mocrocks,no,14.8242608902501,15,0.988284059350004,1436.96478151014,252.530911444621
2012-13,2012-10-27 00:00:00,Twin Harbors,Copalis; Mocrocks,no,14.8758088671711,14.5461460446248,1.02266324162669,1158.32102482798,-381.855378459599
2012-13,2012-11-16 00:00:00,Longbeach,Copalis; Mocrocks,no,14.1802248402911,13.3470433255269,1.06242442572811,3750.57040075193,-3124.90592772811
2012-13,2012-11-17 00:00:00,Twin Harbors,Copalis; Mocrocks,no,9.35645562662278,12.4254992319508,0.753004402637091,414.78883700618,1273.00502777528
2012-13,2012-12-01 00:00:00,Twin Harbors,Copalis; Mocrocks,no,0.0502027433526624,1.58928571428571,0.0315882430084168,156.563044929091,240.96351632779
2012-13,2012-12-14 00:00:00,Twin Harbors,Copalis; Mocrocks,no,11.4489255082673,14.9019607843137,0.768283159107409,358.670757327288,1238.50277753742
2012-13,2012-12-30 00:00:00,Twin Harbors,Mocrocks,no,9.23236239458285,14.7241379310345,0.627022270358086,667.674773058789,3666.71998499016
2012-13,2012-12-31 00:00:00,Longbeach,Copalis; Mocrocks,no,8.85672561936625,10.3008130081301,0.859808406615666,2148.12123544648,3102.07478564404
2012-13,2012-12-31 00:00:00,Twin Harbors,Copalis; Mocrocks,no,7.61349584896791,10.3008130081301,0.739116013751423,417.862787292585,1122.9298384667
2012-13,2013-01-11 00:00:00,Twin Harbors,Copalis; Mocrocks,no,14.6753828080017,14.6656788793104,1.00066167606499,698.100556967677,-6.77431802419338
2012-13,2013-01-12 00:00:00,Twin Harbors,Copalis; Mocrocks,no,14.6434926826039,14.7133333333333,0.99525324077507,931.879871488437,65.0830966264518
2012-13,2013-01-26 00:00:00,Twin Harbors,Copalis; Mocrocks,no,12.9201460297007,12.9046489563567,1.00120089073297,1384.82241257161,-21.4606944959821
2012-13,2013-03-09 00:00:00,Twin Harbors,Copalis; Mocrocks,no,14.9971309255702,14.9976847052319,0.999963075656508,3990.43442973742,2.20982142829016
2012-13,2013-04-13 00:00:00,Twin Harbors,Copalis; Mocrocks,no,13.782954538983,13.873897707231,0.993445016666037,1485.58992715481,135.104254692789
2013-14,2013-10-04 00:00:00,Twin Harbors,Copalis; Mocrocks,no,14.9658992028301,15.020253164557,0.996381288575407,1333.50920541782,72.4815083137059
2013-14,2013-11-17 00:00:00,Twin Harbors,Mocrocks,no,14.2830772989784,14.0476190476191,1.01676143484253,815.513530129387,-192.019389764193
2013-14,2013-11-30 00:00:00,Twin Harbors,Copalis; Mocrocks,no,15.4262437925306,15,1.02841625283538,1322.26298116986,-563.606387816714
2013-14,2013-12-16 00:00:00,Twin Harbors,Mocrocks,no,13.1678221859706,15,0.877854812398043,235.317091844309,431.142754939052
2013-14,2013-12-29 00:00:00,Twin Harbors,Copalis; Mocrocks,no,15.058924551775,14.7678571428571,1.01970952224837,910.653311525227,-265.061499808119
2013-14,2013-12-31 00:00:00,Twin Harbors,Copalis; Mocrocks,no,15.4119401491505,15.0047169811321,1.0271396767117,1009.71851827551,-411.180773819005
2013-14,2014-01-01 00:00:00,Longbeach,Mocrocks,no,14.9277641277641,15.0909090909091,0.989189189189189,4312.56786210759,703.573724923682
2013-14,2014-01-01 00:00:00,Twin Harbors,Mocrocks,no,13.2476271689159,15.0909090909091,0.877854812398043,1832.83207620134,3378.42623211115
2013-14,2014-01-04 00:00:00,Longbeach,Copalis; Mocrocks; Twin Harbors,no,15.0194590933363,14.8154761904762,1.01376823128988,1065.74269994299,-217.393289636385
2013-14,2014-02-01 00:00:00,Twin Harbors,Copalis; Mocrocks,no,14.3052459060848,13.7948717948718,1.03699737980912,856.122830858042,-436.942928888329
2013-14,2014-02-02 00:00:00,Longbeach,Mocrocks,no,14.8953766461385,15,0.993025109742567,307.951904540866,32.2189610811004
2013-14,2014-02-02 00:00:00,Twin Harbors,Mocrocks,no,15.0421964515405,15,1.00281309676937,123.623355814251,-5.21646694289287
2013-14,2014-03-29 00:00:00,Twin Harbors,Mocrocks,no,6.94478156279131,6.82089552238806,1.01816272364774,5869.86616186577,-727.194476490595
2013-14,2014-04-19 00:00:00,Twin Harbors,Copalis; Mocrocks,no,10.612439126533,12.4651624101165,0.851367898577885,3490.93830307673,6467.74267566398
2013-14,2014-04-27 00:00:00,Longbeach,Twin Harbors,no,15.0240858357847,15,1.00160572238565,915.467075461685,-22.0497896458856
2013-14,2014-05-27 00:00:00,Twin Harbors,Longbeach,no,15,15,1,445.676075420603,-7.9167974473045e-13
2014-15,2014-10-12 00:00:00,Longbeach,Mocrocks,no,13.9703008987886,12.7777777777778,1.09332789642693,635.048736923387,-757.310301749851
2014-15,2014-10-12 00:00:00,Twin Harbors,Mocrocks,no,13.9499478963137,12.7777777777778,1.09173505275498,504.061492847966,-590.845819820974
2014-15,2014-10-27 00:00:00,Longbeach,Twin Harbors,no,15.1319916295486,13.8333333333333,1.09387891297941,59.251615149816,-76.9476015784595
2014-15,2014-11-08 00:00:00,Longbeach,Twin Harbors,no,13.9589719970468,14.21875,0.981729898693398,2524.69275731848,655.859642566719
2014-15,2014-11-09 00:00:00,Longbeach,Twin Harbors,yes,15,15.875,0.94488188976378,171.417147815222,149.990004338319
2014-15,2014-11-11 00:00:00,Longbeach,Twin Harbors,no,14.725948480401,15,0.981729898693398,60.9338557679441,16.6990157682329
2014-15,2014-11-22 00:00:00,Longbeach,Twin Harbors,no,9.38050312541443,9.51282051282051,0.986090625043565,682.787214405414,90.3446203644025
2014-15,2014-11-26 00:00:00,Longbeach,Twin Harbors,no,10.6004742192183,10.75,0.986090625043566,173.069480472578,25.8783491971404
2014-15,2014-12-06 00:00:00,Twin Harbors,Longbeach,no,14.6690220826852,14.7014925373134,0.997791349786709,885.633219045448,28.7569132562687
2014-15,2014-12-19 00:00:00,Longbeach,Twin Harbors,no,10.8172635445363,7.04545454545455,1.53535353535354,1267.17196908007,-4779.53063636033
2014-15,2014-12-31 00:00:00,Longbeach,Copalis; Mocrocks,no,11.4348059556146,15,0.762320397040971,5185.66166503365,18487.8900843759
2014-15,2015-01-06 00:00:00,Longbeach,Twin Harbors,no,6.06315789473684,12.6315789473684,0.48,412.791519245201,2711.38850535795
2014-15,2015-01-18 00:00:00,Longbeach,Twin Harbors,no,15,15,1,1179.81590470006,2.09577405154715e-12
2014-15,2015-01-19 00:00:00,Longbeach,Twin Harbors,no,15.0529496978237,15,1.00352997985492,3049.04223415649,-161.445864950407
2014-15,2015-01-20 00:00:00,Twin Harbors,Longbeach,no,14.2754208754209,14.3333333333333,0.995959595959596,172.020287630464,9.96211766748789
2014-15,2015-01-22 00:00:00,Longbeach,Twin Harbors,yes,15,15.25,0.983606557377049,94.283006097287,23.5707515243218
2014-15,2015-02-01 00:00:00,Longbeach,Twin Harbors,yes,15,15,1,178.145927096558,3.16450736009269e-13
2014-15,2015-02-01 00:00:00,Mocrocks,Twin Harbors,no,12.4814814814815,15,0.832098765432099,238.05014571607,599.533700321954
2014-15,2015-02-02 00:00:00,Longbeach,Twin Harbors,yes,15,14.9545454545455,1.00303951367781,416.907218925651,-18.9503281329832
2014-15,2015-02-03 00:00:00,Twin Harbors,Longbeach,no,13.6234504132231,14.52,0.938254160690299,124.808390263701,111.896910717206
2014-15,2015-02-15 00:00:00,Longbeach,Twin Harbors,yes,15,15.0422535211268,0.997191011235955,6299.91979692978,266.193794236467
2014-15,2015-02-16 00:00:00,Longbeach,Twin Harbors,yes,15,15,1,4971.79587970076,8.83168361500842e-12
2014-15,2015-02-17 00:00:00,Twin Harbors,Longbeach,no,14.4206409487268,15,0.961376063248451,2571.53476665425,1489.84194272494
2014-15,2015-02-18 00:00:00,Longbeach,Twin Harbors,yes,15,14.8571428571429,1.00961538461538,2031.75549799059,-290.250785427223
2014-15,2015-02-20 00:00:00,Longbeach,Mocrocks; Twin Harbors,no,14.7878747401863,14.3166666666667,1.032913253098,3705.8153546612,-1746.21011408936
2014-15,2015-02-21 00:00:00,Twin Harbors,Copalis; Longbeach; Mocrocks,no,14.0389544476915,14.9012345679012,0.942133645619731,1518.77818490214,1309.61223584928
2014-15,2015-02-22 00:00:00,Longbeach,Mocrocks; Twin Harbors,yes,15,15,1,760.726180696169,0
2014-15,2015-03-03 00:00:00,Twin Harbors,Longbeach,yes,15,15,1,900.778113154564,0
2014-15,2015-03-04 00:00:00,Longbeach,Twin Harbors,yes,15,14.8979591836735,1.00684931506849,1114.3657865571,-113.710794546642
2014-15,2015-03-05 00:00:00,Twin Harbors,Longbeach,yes,15,15,1,536.253662772313,9.52577861519034e-13
2014-15,2015-03-16 00:00:00,Longbeach,Twin Harbors,yes,15,15,1,663.875111572499,0
2014-15,2015-03-17 00:00:00,Twin Harbors,Longbeach,no,14.5025254565952,15.0196078431373,0.965572843715866,977.075985266666,505.228782294648
2014-15,2015-03-19 00:00:00,Twin Harbors,Longbeach,no,14.483592655738,15,0.965572843715866,1410.81907690896,728.557332740731
2014-15,2015-03-20 00:00:00,Longbeach,Copalis; Mocrocks,no,12.8595747807083,13.4212234706617,0.958152198927232,5074.0604701329,2849.83941579454
2014-15,2015-03-20 00:00:00,Twin Harbors,Copalis; Mocrocks,no,12.4279934916902,13.4212234706617,0.925995571033991,2586.01077671313,2568.50342937489
2014-15,2015-03-22 00:00:00,Twin Harbors,Copalis; Longbeach; Mocrocks,no,13.983721818444,14.7860215053764,0.945739312861093,2909.48763072419,2334.28101526365
2014-15,2015-03-23 00:00:00,Longbeach,Twin Harbors,no,12.3144386822404,11.8448275862069,1.03964693387182,1037.06426479707,-487.016886048531
2014-15,2015-03-24 00:00:00,Twin Harbors,Longbeach,no,14.4267942531665,14.9411764705882,0.965572843715866,2323.27046605456,1195.04901399964
2014-15,2015-04-05 00:00:00,Longbeach,Twin Harbors,no,15.0238095238095,15.0238095238095,1,1528.70680116996,0
2014-15,2015-04-07 00:00:00,Longbeach,Twin Harbors,no,15,15,1,1140.41554570015,0
2014-15,2015-04-09 00:00:00,Longbeach,Twin Harbors,no,15,15,1,1487.93273192956,0
2015-16,2016-03-07 00:00:00,Longbeach,Mocrocks,no,12.0593136626304,15,0.803954244175361,1496.00990462054,4399.29588708719
2015-16,2016-03-20 00:00:00,Longbeach,Copalis; Mocrocks,no,12.2033905645937,12.01,1.01610246166475,651.233527363666,-125.942419539197
2015-16,2016-03-26 00:00:00,Longbeach,Mocrocks,no,10.1991758241758,15,0.679945054945055,2749.85792926935,13201.5844269181
2015-16,2016-03-27 00:00:00,Longbeach,Mocrocks,no,8.6300718512257,12.6923076923077,0.679945054945055,1926.82149730213,7827.20334570797
2016-17,2017-04-30 00:00:00,Twin Harbors,Copalis,yes,15,15,1,4061.38000686116,-7.21446015259125e-12
2017-18,2017-12-04 00:00:00,Twin Harbors,Mocrocks,no,11.5997809118891,11.5853658536585,1.00124424713148,692.341630948711,-9.98014492556379
2018-19,2018-11-11 00:00:00,Twin Harbors,Copalis,no,14.0559401710405,14.92,0.942087142831132,867.238554913277,749.345997425457
2018-19,2018-11-22 00:00:00,Twin Harbors,Copalis,no,13.7842224056345,14.6315789473684,0.942087142831132,830.576341998291,703.794296801717
2018-19,2018-11-24 00:00:00,Twin Harbors,Copalis; Mocrocks,no,14.0030074206759,14.3056730091614,0.978842967521231,2161.51930156494,654.21751143087
2018-19,2019-02-03 00:00:00,Twin Harbors,Copalis,no,12.8158189866358,14.0909090909091,0.909509734535444,393.106518535236,501.246231709605
2018-19,2019-02-17 00:00:00,Twin Harbors,Copalis,no,14.2483387831244,15,0.949889252208294,2177.95842682382,1637.08688141085
2018-19,2019-02-18 00:00:00,Twin Harbors,Mocrocks,no,10.5991560263419,15,0.706610401756126,1983.62229106791,8729.61220566012
2018-19,2019-03-17 00:00:00,Twin Harbors,Mocrocks,no,11.4556149580012,13.9655172413793,0.820278601930948,3986.44945937113,10005.5986006472
2018-19,2019-04-20 00:00:00,Twin Harbors,Copalis,no,13.3959587085516,12.0178571428571,1.1146711555407,7532.39671022023,-10380.4076997864
2019-20,2019-10-28 00:00:00,Longbeach,Copalis,no,14.8225114377797,14.8225806451613,0.999995330949226,3142.58451631315,0.217490045924905
2019-20,2019-10-28 00:00:00,Twin Harbors,Copalis,no,14.8225202445888,14.8225806451613,0.999995925097393,1445.08678304711,0.0872840690377605
2019-20,2019-10-29 00:00:00,Twin Harbors,Mocrocks,no,14.9148936170213,14.9148936170213,1,834.999351724685,0
2019-20,2019-10-30 00:00:00,Longbeach,Copalis,no,14.1666005217807,14.1666666666667,0.999995330949227,888.317264454643,0.0587576441516948
2019-20,2019-10-31 00:00:00,Longbeach,Mocrocks,yes,15,15,1,160.537720393611,0
2019-20,2019-10-31 00:00:00,Twin Harbors,Mocrocks,no,15,15,1,131.188333924436,-9.32149176864782e-13
2019-20,2019-11-01 00:00:00,Longbeach,Twin Harbors,no,14.3548301807416,14.3548387096774,0.999999405849413,752.816533613081,0.00642072392402346
2019-20,2019-11-11 00:00:00,Longbeach,Copalis,yes,15,15,1,1044.27368869101,0
2019-20,2019-11-11 00:00:00,Twin Harbors,Copalis,yes,15,15,1,1100.46068894399,0
2019-20,2019-11-13 00:00:00,Longbeach,Copalis,yes,15,14.8703703703704,1.00871731008717,470.444963136118,-60.9836063324598
2019-20,2019-11-13 00:00:00,Twin Harbors,Copalis,no,14.9484710550887,14.8703703703704,1.00525210084034,495.757188799755,-38.7189758992948
2019-20,2019-11-14 00:00:00,Longbeach,Mocrocks,no,13.2826477510245,12.6923076923077,1.04651164098981,684.822718957872,-404.27828412016
2019-20,2019-11-14 00:00:00,Twin Harbors,Mocrocks,no,13.2826475849732,12.6923076923077,1.04651162790698,459.859944158206,-271.473670075506
2019-20,2019-11-16 00:00:00,Twin Harbors,Longbeach,no,14.1428539571196,15,0.942856930474642,2313.92953812541,1983.3755471082
2019-20,2019-11-17 00:00:00,Longbeach,Twin Harbors,no,15.0000001875206,15,1.00000001250137,196.824422048784,-3.69086232159044e-05
2019-20,2019-11-24 00:00:00,Twin Harbors,Copalis,no,12.1296065737052,14.0625,0.862549800796811,1264.20110993048,2443.56601489928
2019-20,2019-11-25 00:00:00,Longbeach,Twin Harbors,yes,15,13.8947368421053,1.07954545454546,1548.57897654334,-1711.58728986369
2019-20,2019-11-26 00:00:00,Longbeach,Copalis,no,14.8739495821913,14.5,1.02578962635802,1059.54044588956,-396.214707055134
2019-20,2019-11-26 00:00:00,Twin Harbors,Copalis,no,12.5069721115537,14.5,0.86254980079681,444.412072502821,885.725654460325
2019-20,2019-11-27 00:00:00,Twin Harbors,Mocrocks,no,9.88084134386602,10.2142857142857,0.967355096602268,603.112559959001,201.104487847739
2019-20,2019-11-28 00:00:00,Longbeach,Copalis,no,14.9569896948011,14.5809523809524,1.02578962635801,1458.18119633259,-548.330540173681
2019-20,2019-11-28 00:00:00,Twin Harbors,Copalis,no,12.5767975716182,14.5809523809524,0.862549800796807,611.617357374912,1225.77586825519
2019-20,2019-11-29 00:00:00,Longbeach,Mocrocks,yes,15,14.9275362318841,1.00485436893204,3184.49800435304,-230.760724953117
2019-20,2019-11-29 00:00:00,Twin Harbors,Mocrocks,no,14.440228253628,14.9275362318841,0.967355096602266,1573.571978382,766.814179425677
2019-20,2019-12-10 00:00:00,Longbeach,Mocrocks,no,11.6206887665509,11.6206896551724,0.999999923531089,462.897398931919,0.000411340572734168
2019-20,2019-12-10 00:00:00,Twin Harbors,Mocrocks,no,8.90919540229885,11.6206896551724,0.766666666666666,439.965925150787,1192.96507750656
2019-20,2019-12-11 00:00:00,Longbeach,Copalis,no,3.83541281538189,7.75,0.494891976178309,165.486949393058,647.813091315611
2019-20,2019-12-12 00:00:00,Longbeach,Mocrocks,no,0.916666596570166,0.916666666666667,0.99999992353109,271.603592307692,1.90384614023897e-05
2019-20,2019-12-12 00:00:00,Twin Harbors,Mocrocks,no,0.702777777777778,0.916666666666667,0.766666666666667,258.148622220939,55.2151219750341
2019-20,2019-12-13 00:00:00,Twin Harbors,Copalis,no,3.0100645161283,12.96,0.232258064516072,1034.56202051892,10293.8253582272
2019-20,2019-12-14 00:00:00,Longbeach,Mocrocks,no,14.9545443109877,14.9545454545455,0.99999992353109,1668.25241458333,0.00190774303959693
2019-20,2019-12-14 00:00:00,Twin Harbors,Mocrocks,no,11.4651515151515,14.9545454545455,0.766666666666667,1585.60885989152,5532.8139459548
2019-20,2019-12-15 00:00:00,Longbeach,Copalis,yes,15,15,1,218.050441113164,3.87335392405611e-13
2019-20,2019-12-15 00:00:00,Twin Harbors,Copalis,yes,15,15,1,334.50085103022,5.94192874512735e-13
2019-20,2019-12-23 00:00:00,Twin Harbors,Mocrocks,yes,15,14.9454545454545,1.0036496350365,639.194770882664,-34.8651693208738
2019-20,2019-12-26 00:00:00,Twin Harbors,Copalis,yes,10,8.77049180327869,1.14018691588785,1586.90844039749,-1951.11693491495
2019-20,2019-12-27 00:00:00,Longbeach,Mocrocks,yes,6.5,3.01351351351351,2.15695067264574,2566.05806283931,-8946.52675962895
2019-20,2019-12-29 00:00:00,Longbeach,Mocrocks,yes,13.4,13.4242424242424,0.998194130925508,732.64174039188,17.7610118882875
2019-20,2019-12-29 00:00:00,Twin Harbors,Mocrocks,yes,13.4,13.4242424242424,0.998194130925508,287.824584434839,6.97756568326861
2019-20,2020-01-08 00:00:00,Twin Harbors,Mocrocks,yes,15,14.5454545454546,1.03125,218.445730328078,-99.2935137854895
2019-20,2020-01-10 00:00:00,Longbeach,Mocrocks,yes,5,2.27777777777778,2.19512195121951,752.689602118365,-2048.98836132222
2019-20,2020-01-10 00:00:00,Twin Harbors,Mocrocks,yes,5,2.27777777777778,2.19512195121951,330.622815721291,-900.028776130182
2019-20,2020-01-14 00:00:00,Longbeach,Mocrocks,yes,15,0,,42.3944309603395,-635.916464405093
2019-20,2020-01-22 00:00:00,Longbeach,Copalis,yes,5,4.47058823529412,1.11842105263158,274.26621691411,-145.199761895705
2019-20,2020-01-22 00:00:00,Twin Harbors,Copalis,yes,5,4.47058823529412,1.11842105263158,141.595409190272,-74.9622754536735
2019-20,2020-01-23 00:00:00,Longbeach,Mocrocks,yes,1,0.470588235294118,2.125,89.8011426235868,-47.5417813889577
2019-20,2020-01-23 00:00:00,Twin Harbors,Mocrocks,yes,1,0.470588235294118,2.125,55.1437487734951,-29.1937493506739
2019-20,2020-01-26 00:00:00,Longbeach,Copalis,yes,10,9.41379310344828,1.06227106227106,155.934088678096,-91.4096381906077
2019-20,2020-01-26 00:00:00,Twin Harbors,Copalis,yes,10,9.41379310344828,1.06227106227106,80.5040859261265,-47.1920503704878
2019-20,2020-02-06 00:00:00,Twin Harbors,Mocrocks,yes,13,12.7142857142857,1.02247191011236,266.707585391793,-76.2021672547986
2019-20,2020-02-07 00:00:00,Twin Harbors,Copalis,yes,14,14.4242424242424,0.970588235294118,494.670038009185,209.860016125108
2019-20,2020-02-08 00:00:00,Longbeach,Mocrocks,yes,13.5,13.4130434782609,1.0064829821718,7496.83583579448,-651.898768329958
2019-20,2020-02-08 00:00:00,Twin Harbors,Mocrocks,yes,13.5,13.4130434782609,1.0064829821718,4693.48660770342,-408.129270235081
2019-20,2020-02-09 00:00:00,Longbeach,Copalis,yes,14,14.6065573770492,0.958473625140292,4574.28904029496,2774.56876214611
2019-20,2020-02-09 00:00:00,Twin Harbors,Copalis,yes,14,14.6065573770492,0.958473625140292,1750.79506721724,1061.95766372193
2019-20,2020-02-10 00:00:00,Longbeach,Mocrocks,yes,10,11.92,0.838926174496644,1371.61670321169,2633.50407016645
2019-20,2020-02-10 00:00:00,Twin Harbors,Mocrocks,yes,10,11.92,0.838926174496644,858.717566775175,1648.73772820834
2019-20,2020-02-12 00:00:00,Longbeach,Mocrocks,yes,10,8.5,1.17647058823529,192.815128660972,-289.222692991458
2019-20,2020-02-22 00:00:00,Longbeach,Copalis,yes,10,10.4428571428571,0.957592339261286,3962.01791560142,1754.60793405206
2019-20,2020-02-23 00:00:00,Longbeach,Mocrocks,yes,2,2.15,0.930232558139535,215.674199574611,32.3511299361916
2019-20,2020-02-23 00:00:00,Twin Harbors,Mocrocks,yes,2,2.15,0.930232558139535,155.022697117873,23.2534045676809
2019-20,2020-03-07 00:00:00,Twin Harbors,Copalis,yes,15,14.6818181818182,1.02167182662539,3916.61636706104,-1246.19611679215
2019-20,2020-03-08 00:00:00,Longbeach,Mocrocks,yes,15,13.7916666666667,1.08761329305136,3972.14665175454,-4799.6772042034
2019-20,2020-03-08 00:00:00,Twin Harbors,Mocrocks,yes,15,13.7916666666667,1.08761329305136,2381.1995866786,-2877.2828339033
2019-20,2020-03-09 00:00:00,Twin Harbors,Copalis,yes,15,14.7692307692308,1.015625,1104.8565361188,-254.966892950489
2019-20,2020-03-10 00:00:00,Longbeach,Mocrocks,yes,15,14.6153846153846,1.02631578947368,774.197765960362,-297.768371523215
2019-20,2020-03-10 00:00:00,Twin Harbors,Mocrocks,yes,15,14.6153846153846,1.02631578947368,464.111615692236,-178.504467573936
2019-20,2020-03-11 00:00:00,Longbeach,Copalis,yes,10,12.8888888888889,0.775862068965517,565.376411538807,1633.30963333433
2020-21,2020-09-16 00:00:00,Twin Harbors,Copalis,yes,15,15,1,165.229441392258,0
2020-21,2020-09-17 00:00:00,Longbeach,Mocrocks,yes,15,15,1,1075.23690803975,0
2020-21,2020-09-17 00:00:00,Twin Harbors,Mocrocks,yes,15,15,1,696.989972201831,0
2020-21,2020-09-20 00:00:00,Longbeach,Copalis,yes,15,15,1,1358.88157881282,-2.41385858645917e-12
2020-21,2020-09-21 00:00:00,Longbeach,Mocrocks,yes,15,15,1,417.094119567833,0
2020-21,2020-09-22 00:00:00,Longbeach,Copalis,yes,15,15,1,361.911364690997,-6.42883727925532e-13
2020-21,2020-09-22 00:00:00,Twin Harbors,Copalis,yes,15,15,1,330.620372271179,-5.87299759528966e-13
2020-21,2020-10-18 00:00:00,Longbeach,Mocrocks,yes,15,15,1,3054.96152378339,0
2020-21,2020-10-18 00:00:00,Twin Harbors,Mocrocks,yes,15,15,1,1758.45934808585,0
2020-21,2020-10-19 00:00:00,Longbeach,Copalis,yes,15,15,1,1048.44801571716,3.7248356069496e-12
2020-21,2020-10-19 00:00:00,Twin Harbors,Copalis,yes,15,15,1,604.771585143213,2.14858028308815e-12
2020-21,2020-10-20 00:00:00,Longbeach,Mocrocks,yes,15,15,1,705.393761543235,0
2020-21,2020-10-20 00:00:00,Twin Harbors,Mocrocks,yes,15,15,1,406.030074163086,0
2021-22,2021-09-17 00:00:00,Longbeach,Mocrocks,yes,20,19.7777777777778,1.01123595505618,629.697596271028,-139.932799171339
2021-22,2021-09-17 00:00:00,Twin Harbors,Mocrocks,yes,20,19.7777777777778,1.01123595505618,303.770957382933,-67.5046571962072
2021-22,2021-09-18 00:00:00,Twin Harbors,Copalis,yes,20,19.6666666666667,1.01694915254237,999.371212033301,-333.123737344433
2021-22,2021-09-19 00:00:00,Longbeach,Mocrocks,yes,20,16.175,1.23647604327666,5552.98797837547,-21240.1790172862
2021-22,2021-09-20 00:00:00,Longbeach,Copalis,yes,20,20,1,2048.27467033395,0
2021-22,2021-09-23 00:00:00,Longbeach,Mocrocks,yes,18.5,16.7105263157895,1.10708661417323,1635.98136178104,-2927.54559476608
2021-22,2021-09-24 00:00:00,Longbeach,Copalis,yes,18.5,18.4285714285714,1.00387596899225,2161.73587308808,-154.409705220581
2021-22,2021-09-24 00:00:00,Twin Harbors,Copalis,yes,18.5,18.4285714285714,1.00387596899225,1607.85374570868,-114.846696122051
2021-22,2021-10-03 00:00:00,Longbeach,Copalis,yes,14,14.1282051282051,0.990925589836661,1307.6099215093,167.642297629397
2021-22,2021-10-03 00:00:00,Twin Harbors,Copalis,yes,14,14.1282051282051,0.990925589836661,939.826468596003,120.490572896923
2021-22,2021-10-04 00:00:00,Longbeach,Mocrocks,yes,13,12.9047619047619,1.00738007380074,609.678239713341,-58.0645942584132
2021-22,2021-10-04 00:00:00,Twin Harbors,Mocrocks,yes,13,12.9047619047619,1.00738007380074,365.459596674346,-34.8056758737471
2021-22,2021-10-06 00:00:00,Longbeach,Mocrocks,yes,19,19.7058823529412,0.964179104477612,4061.91613552606,2867.23491919487
2021-22,2021-10-09 00:00:00,Twin Harbors,Copalis,yes,15,13.58,1.10456553755523,3311.05058372718,-4701.6918288926
2021-22,2021-10-11 00:00:00,Longbeach,Copalis,yes,20,20,1,440.002795729222,1.56320395109767e-12
2021-22,2021-10-11 00:00:00,Twin Harbors,Copalis,yes,20,20,1,461.300041001073,1.63886696569575e-12
2021-22,2021-10-20 00:00:00,Longbeach,Mocrocks,yes,18,17.8947368421053,1.00588235294118,907.074142995278,-95.4814887363413
2021-22,2021-10-21 00:00:00,Longbeach,Copalis,yes,14,14.1891891891892,0.986666666666667,561.502493257428,106.230201427081
2021-22,2021-10-25 00:00:00,Copalis,Twin Harbors,yes,11,20,0.55,9.55011011675619,85.9509910508057
2021-22,2021-10-25 00:00:00,Longbeach,Twin Harbors,yes,8,20,0.4,10.7972111240461,129.566533488553
2021-22,2021-11-03 00:00:00,Twin Harbors,Mocrocks,yes,19,19.7826086956522,0.96043956043956,1239.95094157432,970.396389058172
2021-22,2021-11-04 00:00:00,Longbeach,Copalis,yes,18,17.8666666666667,1.00746268656716,1990.17623187788,-265.35683091705
2021-22,2021-11-07 00:00:00,Longbeach,Mocrocks,yes,18,17.2162162162162,1.04552590266876,1180.53466449585,-925.283926226476
2021-22,2021-11-09 00:00:00,Longbeach,Mocrocks,yes,15,20,0.75,118.049725618187,590.248628090933
2021-22,2021-11-09 00:00:00,Twin Harbors,Mocrocks,yes,15,20,0.75,79.8207897411696,399.103948705848
2021-22,2021-11-10 00:00:00,Longbeach,Copalis,yes,13,13.0526315789474,0.995967741935484,63.7379832784864,3.3546306988678
2021-22,2021-11-16 00:00:00,Longbeach,Twin Harbors,yes,19.5,19.2424242424242,1.01338582677165,1559.99219188729,-401.816170637636
2021-22,2021-11-17 00:00:00,Twin Harbors,Longbeach,yes,19.5,19.5937091588836,0.995217385431023,784.300160455433,73.4961083485331
2021-22,2021-11-18 00:00:00,Longbeach,Copalis,yes,19.5,19.75,0.987341772151899,598.566155508004,149.641538877001
2021-22,2021-11-18 00:00:00,Twin Harbors,Copalis,yes,19.5,19.75,0.987341772151899,498.430581194642,124.60764529866
2021-22,2021-11-22 00:00:00,Longbeach,Copalis,yes,15,15.0714285714286,0.995260663507109,240.890557873431,17.2064684195312
2021-22,2021-11-22 00:00:00,Twin Harbors,Copalis,yes,15,15.0714285714286,0.995260663507109,200.591396055887,14.3279568611351
2021-22,2021-11-23 00:00:00,Longbeach,Mocrocks,yes,16,15.9285714285714,1.00448430493274,152.286896649814,-10.877635474987
2021-22,2021-11-23 00:00:00,Twin Harbors,Mocrocks,yes,16,15.9285714285714,1.00448430493274,108.243762648996,-7.73169733207133
2021-22,2021-11-24 00:00:00,Copalis,Twin Harbors,yes,15,14.1428571428571,1.06060606060606,466.947303482302,-400.240545841974
2021-22,2021-11-24 00:00:00,Longbeach,Twin Harbors,yes,15,14.1428571428571,1.06060606060606,331.092611165658,-283.793666713422
2021-22,2021-12-01 00:00:00,Longbeach,Copalis,yes,19,19.3055555555556,0.984172661870504,1223.00985151721,373.697454630261
2021-22,2021-12-02 00:00:00,Twin Harbors,Mocrocks,yes,19.5,19.702380952381,0.989728096676737,1115.35067128344,225.725731093076
2021-22,2021-12-06 00:00:00,Longbeach,Mocrocks,yes,19.5,19.5555555555556,0.997159090909091,581.121017978823,32.2845009988244
2021-22,2021-12-07 00:00:00,Longbeach,Copalis,yes,19.5,19.4166666666667,1.00429184549356,327.234990949938,-27.2695825791611
2021-22,2021-12-07 00:00:00,Twin Harbors,Copalis,yes,19.5,19.4166666666667,1.00429184549356,285.668718760815,-23.8057265634009
2021-22,2021-12-08 00:00:00,Longbeach,Twin Harbors,yes,15,19.5454545454546,0.767441860465116,214.191530678322,973.597866719645
2021-22,2021-12-09 00:00:00,Longbeach,Copalis,yes,12.5,12.4285714285714,1.00574712643678,69.408275986727,-4.95773399905191
2021-22,2021-12-09 00:00:00,Twin Harbors,Copalis,yes,12.5,12.4285714285714,1.00574712643678,51.1497629767147,-3.65355449833675
2021-22,2021-12-15 00:00:00,Twin Harbors,Longbeach,yes,12.5,5.22222222222222,2.3936170212766,193.29366621223,-1406.74834854456
2021-22,2021-12-16 00:00:00,Longbeach,Copalis,yes,17.5,19.7368421052632,0.886666666666667,882.010186956378,1972.91752345506
2021-22,2021-12-20 00:00:00,Longbeach,Copalis,yes,13,13.2647058823529,0.980044345898004,272.597112304667,72.158059139471
2021-22,2021-12-20 00:00:00,Twin Harbors,Copalis,yes,13,13.2647058823529,0.980044345898004,259.007641337414,68.5608462363746
2021-22,2021-12-21 00:00:00,Longbeach,Mocrocks,yes,13,7.44444444444444,1.74626865671642,154.448151878642,-858.045288214679
2021-22,2021-12-22 00:00:00,Longbeach,Copalis,yes,5,4.05882352941176,1.23188405797102,101.98698431837,-95.9877499467015
2021-22,2021-12-22 00:00:00,Twin Harbors,Copalis,yes,5,4.05882352941176,1.23188405797102,96.9027442443845,-91.2025828182443
2021-22,2021-12-23 00:00:00,Longbeach,Mocrocks,yes,5,0,,106.538235763886,-532.691178819429
2021-22,2021-12-23 00:00:00,Twin Harbors,Mocrocks,yes,5,0,,104.792639200301,-523.963196001504
2021-22,2021-12-30 00:00:00,Twin Harbors,Mocrocks,yes,14.5,14.2083333333333,1.02052785923754,1490.94318856513,-434.858429998164
2021-22,2022-01-02 00:00:00,Longbeach,Copalis,yes,3,2.66666666666667,1.125,249.942564865406,-83.3141882884687
2021-22,2022-01-02 00:00:00,Twin Harbors,Copalis,yes,3,2.66666666666667,1.125,151.934868245325,-50.6449560817751
2021-22,2022-01-03 00:00:00,Twin Harbors,Mocrocks,yes,5,5.92307692307692,0.844155844155844,125.011976479121,115.395670596112
2021-22,2022-01-04 00:00:00,Longbeach,Copalis,yes,12.5,15,0.833333333333333,193.604990284441,484.012475711103
2021-22,2022-01-15 00:00:00,Twin Harbors,Copalis,yes,12,13.9722222222222,0.858846918489066,2245.0149450369,4427.66836382277
2021-22,2022-01-17 00:00:00,Longbeach,Copalis,yes,13,13.5769230769231,0.957507082152975,740.261724097881,427.074071594931
2021-22,2022-01-18 00:00:00,Longbeach,Twin Harbors,yes,14,14.1578947368421,0.988847583643123,606.24424428918,95.7227754140805
2021-22,2022-02-01 00:00:00,Longbeach,Copalis,yes,14.5,14.8604651162791,0.975743348982786,1010.71637722726,364.327996442383
2021-22,2022-02-16 00:00:00,Longbeach,Copalis,yes,14.5,15,0.966666666666667,1479.06083965984,739.530419829924
2021-22,2022-02-18 00:00:00,Longbeach,Twin Harbors,yes,14.5,14.8484848484849,0.976530612244898,1243.44117733028,433.320410281763
2021-22,2022-03-01 00:00:00,Longbeach,Mocrocks,yes,14.5,14.3777777777778,1.00850077279753,542.947468331326,-66.3602461293831
2021-22,2022-03-01 00:00:00,Twin Harbors,Mocrocks,yes,14.5,14.3777777777778,1.00850077279753,481.753144663835,-58.8809399033565
2021-22,2022-03-02 00:00:00,Longbeach,Copalis,yes,15,14.8214285714286,1.01204819277108,945.426537827509,-168.826167469198
2021-22,2022-03-04 00:00:00,Longbeach,Copalis,yes,15,15,1,803.693993108534,-1.42764732144324e-12
2021-22,2022-03-04 00:00:00,Twin Harbors,Copalis,yes,15,15,1,579.323151370519,-1.02908464215993e-12
2021-22,2022-03-16 00:00:00,Twin Harbors,Mocrocks,yes,14.5,14.5789473684211,0.994584837545126,528.228391865982,41.7022414631041
2021-22,2022-03-17 00:00:00,Longbeach,Copalis,yes,14.5,14.9318181818182,0.971080669710807,476.490900764042,205.757434420835
2021-22,2022-03-17 00:00:00,Twin Harbors,Copalis,yes,14.5,14.9318181818182,0.971080669710807,462.673168452615,199.790686377265
2021-22,2022-03-18 00:00:00,Longbeach,Mocrocks,yes,14,13.0357142857143,1.07397260273973,1815.9063731677,-1751.052574126
2021-22,2022-03-19 00:00:00,Twin Harbors,Copalis,yes,14,14.2714285714286,0.980980980980981,2583.11713016477,701.131792473295
2021-22,2022-03-20 00:00:00,Longbeach,Mocrocks,yes,14.5,11.2068965517241,1.29384615384615,2743.11816112814,-9033.37187543922
2021-22,2022-03-21 00:00:00,Longbeach,Copalis,yes,14.5,14.6176470588235,0.99195171026157,415.729167833129,48.9093138627209
2021-22,2022-03-22 00:00:00,Twin Harbors,Mocrocks,yes,15,14.8717948717949,1.00862068965517,477.149208287385,-61.1729754214594
2021-22,2022-04-01 00:00:00,Twin Harbors,Mocrocks,yes,15,14.8148148148148,1.0125,373.210826187039,-69.1131159605628
2021-22,2022-04-03 00:00:00,Longbeach,Twin Harbors,yes,13.5,13.758064516129,0.981242672919109,2283.26893705235,589.23069343286
2021-22,2022-04-17 00:00:00,Twin Harbors,Mocrocks,yes,19.5,19.2558139534884,1.01268115942029,2866.98029809835,-700.076584419369
2021-22,2022-04-18 00:00:00,Longbeach,Copalis,yes,19,18.6851851851852,1.01684836471754,1999.32528704275,-629.417219994938
2021-22,2022-04-18 00:00:00,Twin Harbors,Copalis,yes,19,18.6851851851852,1.01684836471754,1399.75383856984,-440.663245475687
2021-22,2022-04-20 00:00:00,Longbeach,Twin Harbors,yes,20,20,1,2051.61650441406,0
2021-22,2022-04-21 00:00:00,Longbeach,Mocrocks,yes,16.5,16.5555555555556,0.996644295302013,1346.22221230062,74.7901229055919
2021-22,2022-04-21 00:00:00,Twin Harbors,Mocrocks,yes,16.5,16.5555555555556,0.996644295302013,1136.1441234999,63.1191179722185
2021-22,2022-04-29 00:00:00,Longbeach,Copalis,yes,19.5,19.8888888888889,0.980446927374302,824.858341661953,320.778243979649
2021-22,2022-04-29 00:00:00,Twin Harbors,Copalis,yes,19.5,19.8888888888889,0.980446927374302,564.38764939554,219.484085876044
2021-22,2022-05-02 00:00:00,Longbeach,Mocrocks,yes,20,20,1,939.138393487436,0
2021-22,2022-05-03 00:00:00,Longbeach,Copalis,yes,17.5,17.4,1.00574712643678,2339.95534542696,-233.995534542699
2021-22,2022-05-03 00:00:00,Twin Harbors,Copalis,yes,17.5,17.4,1.00574712643678,1601.05296921066,-160.105296921068
2021-22,2022-05-04 00:00:00,Twin Harbors,Mocrocks,yes,20,20,1,1792.15845692856,0
2021-22,2022-05-05 00:00:00,Longbeach,Copalis,yes,11.5,11.3928571428571,1.00940438871473,1215.00677572099,-130.179297398678
2021-22,2022-05-05 00:00:00,Twin Harbors,Copalis,yes,11.5,11.3928571428571,1.00940438871473,831.33646532225,-89.07176414167
2021-22,2022-05-06 00:00:00,Longbeach,Mocrocks,yes,19.5,19.325,1.00905562742562,1881.18768283762,-329.207844496584
2021-22,2022-05-06 00:00:00,Twin Harbors,Mocrocks,yes,19.5,19.325,1.00905562742562,932.307617700545,-163.153833097596
2021-22,2022-05-07 00:00:00,Longbeach,Copalis,yes,17,16.4390243902439,1.03412462908012,4410.39509055248,-2474.12407518798
2022-23,2022-09-28 00:00:00,Twin Harbors,Longbeach,yes,8,5,1.6,194.833446965836,-584.500340897507
2022-23,2022-09-30 00:00:00,Longbeach,Copalis,yes,14,13.4545454545455,1.04054054054054,614.509005142177,-335.186730077551
2022-23,2022-10-09 00:00:00,Longbeach,Twin Harbors,yes,14.5,14.3877551020408,1.00780141843972,2564.1123055979,-287.808524097726
2022-23,2022-10-10 00:00:00,Twin Harbors,Longbeach,yes,15,15,1,1106.46339949695,0
2022-23,2022-10-11 00:00:00,Twin Harbors,Copalis,yes,14.5,14.8115942028986,0.978962818003914,631.668507772025,196.824245175341
2022-23,2022-10-12 00:00:00,Longbeach,Twin Harbors,yes,14,13.75,1.01818181818182,393.513853521082,-98.3784633802699
2022-23,2022-10-13 00:00:00,Twin Harbors,Longbeach,yes,14,15,0.933333333333334,280.947837666868,280.947837666868
2022-23,2022-10-14 00:00:00,Longbeach,Twin Harbors,yes,15,15,1,515.811179379105,0
2022-23,2022-10-26 00:00:00,Twin Harbors,Longbeach,yes,12.5,13.256146179402,0.942958823087141,597.940146066936,452.130156959583
2022-23,2022-10-27 00:00:00,Longbeach,Twin Harbors,yes,9.5,9.5,1,514.173467818329,0
2022-23,2022-10-28 00:00:00,Twin Harbors,Copalis,yes,10,13.1081081081081,0.762886597938144,825.635855821938,2566.16549782494
2022-23,2022-10-29 00:00:00,Longbeach,Twin Harbors,yes,14.5,14.7021276595745,0.986251808972503,1101.28425169789,222.600008321916
2022-23,2022-10-30 00:00:00,Longbeach,Copalis,yes,4.5,4.5,1,32.6618930082197,0
2022-23,2022-10-30 00:00:00,Twin Harbors,Copalis,yes,4.5,4.5,1,25.353129759485,0
2022-23,2023-03-17 00:00:00,Twin Harbors,Copalis,yes,15,15,1,2435.44067855549,0
2022-23,2023-03-20 00:00:00,Twin Harbors,Mocrocks,yes,14.5,14.8222222222222,0.978260869565217,1207.89765276828,389.211465892002
2022-23,2023-03-21 00:00:00,Twin Harbors,Copalis,yes,15,15,1,1020.31046178038,0
2022-23,2023-03-22 00:00:00,Twin Harbors,Mocrocks,yes,14,14.1904761904762,0.986577181208054,975.794622126184,185.865642309749
2022-23,2023-03-23 00:00:00,Twin Harbors,Copalis,yes,14,13.7857142857143,1.01554404145078,487.103585725789,-104.379339798383
2022-23,2023-03-24 00:00:00,Longbeach,Mocrocks,yes,10.5,10.9090909090909,0.9625,1081.14995075934,442.288616219733
2022-23,2023-03-25 00:00:00,Longbeach,Twin Harbors,yes,12.5,14.125,0.884955752212389,3799.75858796408,6174.60770544163
2022-23,2023-03-26 00:00:00,Twin Harbors,Mocrocks,yes,12.5,12.377358490566,1.00990853658537,2337.11636643456,-286.627478902346
2022-23,2023-04-06 00:00:00,Longbeach,Mocrocks,yes,17.5,17.421052631579,1.00453172205438,1100.21278760831,-86.8589042848654
2022-23,2023-04-06 00:00:00,Twin Harbors,Mocrocks,yes,17.5,17.421052631579,1.00453172205438,676.673351493552,-53.421580381069
2022-23,2023-04-08 00:00:00,Twin Harbors,Mocrocks,yes,15,16.5777777777778,0.904825737265416,3069.04257777169,4842.26717826201
2022-23,2023-04-09 00:00:00,Longbeach,Twin Harbors,yes,7.5,5.63492063492064,1.33098591549296,2812.13579385824,-5244.85644092609
2022-23,2023-04-10 00:00:00,Longbeach,Mocrocks,yes,16,15.6333333333333,1.02345415778252,1807.69809990087,-662.822636630319
2022-23,2023-04-11 00:00:00,Twin Harbors,Copalis,yes,17,16.8888888888889,1.00657894736842,939.115726134547,-104.346191792727
2022-23,2023-04-12 00:00:00,Longbeach,Mocrocks,yes,16.5,16.4594594594595,1.00246305418719,2630.22469524096,-106.630730888147
2022-23,2023-04-12 00:00:00,Twin Harbors,Mocrocks,yes,16.5,16.4594594594595,1.00246305418719,1617.68975943173,-65.5820172742591
2022-23,2023-04-19 00:00:00,Longbeach,Mocrocks,yes,13.5,13.5,1,319.937194058846,0
2022-23,2023-04-19 00:00:00,Twin Harbors,Mocrocks,yes,13.5,13.5,1,204.534425045017,0
2022-23,2023-04-20 00:00:00,Longbeach,Copalis,yes,19,18.9454545454545,1.00287907869482,1522.87935584198,-83.0661466822954
2022-23,2023-04-20 00:00:00,Twin Harbors,Copalis,yes,19,18.9454545454545,1.00287907869482,853.6612936101,-46.5633432878268
2022-23,2023-04-21 00:00:00,Longbeach,Mocrocks,yes,16,18.7075471698113,0.855269793242562,3528.61806442315,9553.89985367399
2022-23,2023-04-24 00:00:00,Twin Harbors,Copalis,yes,16,19.3333333333333,0.827586206896552,1290.31193000119,4301.03976667064
2022-23,2023-04-25 00:00:00,Longbeach,Twin Harbors,yes,19.5,19.4888888888889,1.00057012542759,1485.74251716977,-16.5082501907778
2023-24,2023-09-30 00:00:00,Longbeach,Twin Harbors,yes,14.9,14.875,1.00168067226891,4253.95953729493,-106.348988432375
2023-24,2023-10-01 00:00:00,Longbeach,Twin Harbors,yes,14.5,14.5660377358491,0.995466321243523,2134.33965602335,140.946958416635
2023-24,2023-10-02 00:00:00,Twin Harbors,Copalis,yes,5,7.71428571428571,0.648148148148148,454.598013197744,1233.90889296531
2023-24,2023-10-14 00:00:00,Twin Harbors,Mocrocks,yes,10.5,12.4901960784314,0.840659340659341,2003.96372652524,3988.28074984925
2023-24,2023-10-15 00:00:00,Longbeach,Copalis,yes,5,8.84,0.565610859728507,1317.8028498005,5060.36294323391
2023-24,2023-10-16 00:00:00,Longbeach,Mocrocks,yes,13,14,0.928571428571429,330.120691562354,330.120691562354
2023-24,2023-10-17 00:00:00,Twin Harbors,Copalis,yes,13,13.6086956521739,0.955271565495208,229.133012747224,139.472268628745
2023-24,2023-10-27 00:00:00,Twin Harbors,Mocrocks,yes,14.7,14.6363636363636,1.00434782608696,2389.65208640559,-152.068769134899
2023-24,2023-10-28 00:00:00,Twin Harbors,Copalis,yes,15,15,1,4132.62858940963,7.3410230594988e-12
2023-24,2023-10-29 00:00:00,Longbeach,Mocrocks,yes,14.5,14.4390243902439,1.00422297297297,1984.56589577281,-121.010115595902
2023-24,2023-10-30 00:00:00,Longbeach,Copalis,yes,14.5,15,0.966666666666667,801.518789748332,400.759394874166
2023-24,2023-11-13 00:00:00,Longbeach,Twin Harbors,yes,10,10,1,952.838611612487,0
2023-24,2023-11-15 00:00:00,Twin Harbors,Longbeach,yes,14.5,14.6923076923077,0.986910994764398,235.83096288725,45.3521082475483
2023-24,2023-11-16 00:00:00,Longbeach,Mocrocks,yes,13,13.125,0.99047619047619,420.215495996616,52.5269369995778
2023-24,2023-11-16 00:00:00,Twin Harbors,Mocrocks,yes,13,13.125,0.99047619047619,378.09138125549,47.2614226569369
2023-24,2023-11-24 00:00:00,Longbeach,Copalis,yes,14,14.2941176470588,0.979423868312757,3934.08501197703,1157.08382705209
2023-24,2023-11-24 00:00:00,Twin Harbors,Copalis,yes,14,14.2941176470588,0.979423868312757,3163.22271064193,930.359620777051
2023-24,2023-11-25 00:00:00,Longbeach,Mocrocks,yes,13.5,14.7826086956522,0.913235294117647,4216.99347570634,5408.75250144942
2023-24,2023-11-27 00:00:00,Twin Harbors,Mocrocks,yes,14,13.5,1.03703703703704,657.249729003077,-328.62486450154
2023-24,2023-11-28 00:00:00,Longbeach,Copalis,yes,13.5,13.625,0.990825688073395,463.415390800868,57.9269238501077
2023-24,2023-11-28 00:00:00,Twin Harbors,Copalis,yes,13.5,13.625,0.990825688073395,372.61169603085,46.5764620038556
2023-24,2023-12-13 00:00:00,Longbeach,Twin Harbors,yes,13,9.78571428571429,1.32846715328467,681.943167374637,-2191.96018084705
2023-24,2023-12-14 00:00:00,Twin Harbors,Longbeach,yes,10,10.0833333333333,0.991735537190083,476.779019584653,39.731584965388
2023-24,2023-12-16 00:00:00,Longbeach,Copalis,yes,14.5,15,0.966666666666667,1374.51963058951,687.259815294757
2023-24,2023-12-17 00:00:00,Longbeach,Mocrocks,yes,15,14.8181818181818,1.01226993865031,146.416694434051,-26.621217169827
2023-24,2023-12-17 00:00:00,Twin Harbors,Mocrocks,yes,15,14.8181818181818,1.01226993865031,133.432560318364,-24.2604655124294
2023-24,2023-12-26 00:00:00,Twin Harbors,Copalis,yes,5,8.93548387096774,0.55956678700361,992.069371321036,3904.27300971505
2023-24,2023-12-28 00:00:00,Longbeach,Copalis,yes,3,4.25806451612903,0.704545454545455,316.436218039645,398.097177533747
2023-24,2023-12-29 00:00:00,Longbeach,Mocrocks,yes,6,13.0833333333333,0.45859872611465,303.164249879523,2147.41343664662
2023-24,2024-01-11 00:00:00,Twin Harbors,Mocrocks,yes,3,2.72727272727273,1.1,211.157930941036,-57.5885266202825
2023-24,2024-01-12 00:00:00,Twin Harbors,Copalis,yes,9,9.25925925925926,0.972,247.526268377316,64.1734769867115
2023-24,2024-01-13 00:00:00,Longbeach,Twin Harbors,yes,9,8.05882352941176,1.11678832116788,38.1442414538506,-35.9004625448006
2023-24,2024-01-23 00:00:00,Twin Harbors,Mocrocks,yes,10,13.9705882352941,0.715789473684211,337.671245214415,1340.75347364547
2023-24,2024-01-25 00:00:00,Longbeach,Copalis,yes,4,4.23809523809524,0.943820224719101,117.858318659069,28.0615044426354
2023-24,2024-01-25 00:00:00,Twin Harbors,Copalis,yes,4,4.23809523809524,0.943820224719101,154.970561244825,36.8977526773394
2023-24,2024-01-26 00:00:00,Longbeach,Twin Harbors,yes,1,0.181818181818182,5.5,98.7620583137727,-80.8053204385413
2023-24,2024-02-07 00:00:00,Longbeach,Copalis,yes,14,13.9830508474576,1.00121212121212,1407.91622579426,-23.8629868778699
2023-24,2024-02-07 00:00:00,Twin Harbors,Copalis,yes,14,13.9830508474576,1.00121212121212,947.514194016034,-16.0595626104421
2023-24,2024-02-09 00:00:00,Longbeach,Mocrocks,yes,14.5,14.4893617021277,1.0007342143906,1450.17399750446,-15.4273829521749
2023-24,2024-02-10 00:00:00,Twin Harbors,Longbeach,yes,9,6.97058823529412,1.29113924050633,2226.0611217708,-4517.59462947603
2023-24,2024-02-11 00:00:00,Longbeach,Copalis,yes,5,6.125,0.816326530612245,145.679471341304,163.889405258967
2023-24,2024-02-21 00:00:00,Longbeach,Mocrocks,yes,13.5,13.5416666666667,0.996923076923077,578.884519098572,24.1201882957745
2023-24,2024-02-21 00:00:00,Twin Harbors,Mocrocks,yes,13.5,13.5416666666667,0.996923076923077,583.811812381833,24.3254921825771
2023-24,2024-02-23 00:00:00,Twin Harbors,Copalis,yes,14,14.2142857142857,0.984924623115578,1058.47865877538,226.816855451864
2023-24,2024-02-24 00:00:00,Longbeach,Copalis,yes,10,10.1219512195122,0.987951807228916,3298.93126405091,402.308690737919
2023-24,2024-02-25 00:00:00,Longbeach,Mocrocks,yes,4,3.88235294117647,1.03030303030303,136.18947622201,-16.0222913202365
2023-24,2024-03-08 00:00:00,Twin Harbors,Longbeach,yes,14.5,15,0.966666666666667,1377.80559210171,688.902796050853
2023-24,2024-03-09 00:00:00,Longbeach,Mocrocks,yes,7.5,11.0208333333333,0.680529300567108,1826.1238636785,6429.47777003471
2023-24,2024-03-10 00:00:00,Longbeach,Copalis,yes,5,7.72727272727273,0.647058823529412,755.26171441477,2059.80467567665
2023-24,2024-03-11 00:00:00,Twin Harbors,Copalis,yes,4,3.8,1.05263157894737,137.412731097763,-27.4825462195527
2023-24,2024-03-12 00:00:00,Longbeach,Mocrocks,yes,9.5,9.42857142857143,1.00757575757576,329.686709092217,-23.549050649444
2023-24,2024-03-13 00:00:00,Longbeach,Mocrocks,yes,14,13.9655172413793,1.00246913580247,1111.70814365152,-38.3347635741931
2023-24,2024-03-27 00:00:00,Longbeach,Mocrocks,yes,4,0.52,7.69230769230769,252.834389221631,-879.863674491274
2023-24,2024-03-28 00:00:00,Longbeach,Mocrocks,yes,8,7.97297297297297,1.00338983050848,278.217290924762,-7.51938624121008
2023-24,2024-03-28 00:00:00,Twin Harbors,Mocrocks,yes,8,7.97297297297297,1.00338983050848,313.033844597677,-8.46037417831592
2023-24,2024-03-31 00:00:00,Longbeach,Twin Harbors,yes,13.5,8.89285714285714,1.51807228915663,1506.98071755985,-6942.8754487579
2023-24,2024-04-09 00:00:00,Longbeach,Mocrocks,yes,11,11.2790697674419,0.975257731958763,1299.69903637519,362.706707825635
2023-24,2024-04-10 00:00:00,Twin Harbors,Longbeach,yes,14,13.2307692307692,1.05813953488372,2928.77871935073,-2252.90670719286
2023-24,2024-04-11 00:00:00,Longbeach,Twin Harbors,yes,12,13.9154929577465,0.862348178137652,2424.40504451959,4643.93078950231
2023-24,2024-04-13 00:00:00,Longbeach,Twin Harbors,yes,12.5,12.4418604651163,1.00467289719626,5577.48454137684,-324.272357056779
2023-24,2024-04-24 00:00:00,Longbeach,Mocrocks,yes,14.5,14.6551724137931,0.989411764705882,505.899610581727,78.5016637109574
2023-24,2024-04-26 00:00:00,Longbeach,Copalis,yes,14,14.12,0.991501416430595,653.056205552701,78.3667446663224
2023-24,2024-04-26 00:00:00,Twin Harbors,Copalis,yes,14,14.12,0.991501416430595,657.414376093561,78.8897251312256
2023-24,2024-04-28 00:00:00,Longbeach,Mocrocks,yes,11.5,11.6923076923077,0.983552631578947,1224.32677674309,235.44745706598
2023-24,2024-04-28 00:00:00,Twin Harbors,Mocrocks,yes,11.5,11.6923076923077,0.983552631578947,1568.30563180542,301.59723688566
2023-24,2024-05-07 00:00:00,Longbeach,Mocrocks,yes,15,15,1,933.129410049326,0
2023-24,2024-05-08 00:00:00,Longbeach,Copalis,yes,15,15.0107526881721,0.999283667621776,1960.57919547128,21.0814967255028
2023-24,2024-05-10 00:00:00,Twin Harbors,Mocrocks,yes,14,14.3863636363636,0.973143759873618,3255.61068573319,1257.84958312419
2023-24,2024-05-12 00:00:00,Longbeach,Copalis,yes,15,14.4782608695652,1.03603603603604,3229.25913437022,-1684.8308527149
2024-25,2024-10-04 00:00:00,Twin Harbors,Copalis,yes,15,14.9310344827586,1.00461893764434,915.056945912205,-63.1073755801518
2024-25,2024-10-05 00:00:00,Longbeach,Copalis,yes,14,12.3877551020408,1.13014827018122,1621.67539101542,-2614.53787531057
2024-25,2024-10-06 00:00:00,Longbeach,Mocrocks,yes,15,15,1,472.510443468407,0
2024-25,2024-10-06 00:00:00,Twin Harbors,Mocrocks,yes,15,15,1,524.006298455142,0
2024-25,2024-10-15 00:00:00,Longbeach,Mocrocks,yes,14.5,14.8809523809524,0.9744,1395.63203231214,531.669345642719
2024-25,2024-10-16 00:00:00,Twin Harbors,Copalis,yes,15,15,1,1190.02478021106,0
2024-25,2024-10-17 00:00:00,Longbeach,Copalis,yes,14.5,14.5774647887324,0.994685990338164,1631.79892000215,126.406958591715
2024-25,2024-10-19 00:00:00,Twin Harbors,Mocrocks,yes,9,8.20454545454546,1.09695290858726,1735.96757799542,-1380.88330067818
2024-25,2024-10-20 00:00:00,Longbeach,Copalis,yes,15,15,1,384.936692190026,1.36756985181572e-12
2024-25,2024-10-20 00:00:00,Twin Harbors,Copalis,yes,15,15,1,397.44147584507,1.41199576775744e-12
2024-25,2024-10-21 00:00:00,Longbeach,Copalis,yes,15,15,1,206.924176326343,3.67571175854563e-13
2024-25,2024-10-21 00:00:00,Twin Harbors,Copalis,yes,15,15,1,213.646170125474,3.79511835514055e-13
2024-25,2024-11-01 00:00:00,Twin Harbors,Mocrocks,yes,13,13.2413793103448,0.981770833333333,1078.62897224215,260.358717437763
2024-25,2024-11-02 00:00:00,Longbeach,Mocrocks,yes,13,9.58536585365854,1.35623409669211,847.389256247999,-2893.52428962731
2024-25,2024-11-04 00:00:00,Longbeach,Copalis,yes,9,9,1,51.1098103316238,0
2024-25,2024-11-04 00:00:00,Twin Harbors,Copalis,yes,9,9,1,88.489223035867,0
2024-25,2024-11-05 00:00:00,Longbeach,Mocrocks,yes,13,11.2142857142857,1.15923566878981,79.4640094109823,-141.900016805326
2024-25,2024-11-13 00:00:00,Twin Harbors,Mocrocks,yes,13,13.6410256410256,0.953007518796992,592.090535947474,379.545215350946
2024-25,2024-11-16 00:00:00,Longbeach,Twin Harbors,yes,2.5,1.08,2.31481481481482,686.134389124079,-974.310832556192
2024-25,2024-11-17 00:00:00,Longbeach,Mocrocks,yes,10.5,10.3666666666667,1.01286173633441,503.291549091012,-67.1055398788013
2024-25,2024-11-17 00:00:00,Twin Harbors,Mocrocks,yes,10.5,10.3666666666667,1.01286173633441,608.729761217139,-81.1639681622849
2024-25,2024-11-19 00:00:00,Copalis,Twin Harbors,yes,11.5,11.6,0.991379310344828,51.7575838748078,5.17575838748067
2024-25,2024-11-19 00:00:00,Longbeach,Twin Harbors,yes,11.5,11.6,0.991379310344828,28.1123811839455,2.81123811839449
2024-25,2024-11-29 00:00:00,Longbeach,Mocrocks,yes,14,14.0476190476191,0.996610169491526,1991.80477414289,94.8478463877561
2024-25,2024-11-30 00:00:00,Twin Harbors,Mocrocks,yes,14,11.7254901960784,1.19397993311037,2038.6350477258,-4636.89540267044
2024-25,2024-12-01 00:00:00,Longbeach,Copalis,yes,14,12.4814814814815,1.12166172106825,607.36502203261,-922.295033456927
2024-25,2024-12-02 00:00:00,Twin Harbors,Copalis,yes,14,11.8,1.1864406779661,355.551046102039,-782.212301424484
2024-25,2024-12-03 00:00:00,Twin Harbors,Mocrocks,yes,14,13.125,1.06666666666667,233.794141868518,-204.569874134953
2024-25,2024-12-04 00:00:00,Longbeach,Mocrocks,yes,12,9,1.33333333333333,49.0960395150647,-147.288118545194
2024-25,2024-12-05 00:00:00,Longbeach,Copalis,yes,5,5,1,26.4087014101344,0
2024-25,2024-12-05 00:00:00,Twin Harbors,Copalis,yes,5,5,1,33.635260166904,0
2024-25,2024-12-13 00:00:00,Twin Harbors,Mocrocks,yes,12.5,10.76,1.16171003717472,629.173903013368,-1094.76259124326
2024-25,2024-12-14 00:00:00,Longbeach,Mocrocks,yes,6,5.78125,1.03783783783784,1422.61261561472,-311.196509665719
2024-25,2024-12-14 00:00:00,Twin Harbors,Mocrocks,yes,6,5.78125,1.03783783783784,1397.02857142858,-305.600000000001
2024-25,2024-12-15 00:00:00,Longbeach,Copalis,yes,6,11.0487804878049,0.543046357615894,370.077612411222,1868.44062851519
2024-25,2024-12-16 00:00:00,Twin Harbors,Copalis,yes,10,10,1,336.565437363319,0
2024-25,2024-12-17 00:00:00,Longbeach,Mocrocks,yes,2,0,,30.5493955823676,-61.0987911647352
2024-25,2024-12-18 00:00:00,Longbeach,Twin Harbors,yes,10,9.71428571428571,1.02941176470588,87.5942558992029,-25.0269302569152
2024-25,2024-12-18 00:00:00,Mocrocks,Twin Harbors,yes,10,9.71428571428571,1.02941176470588,127.192342133785,-36.3406691810814
2024-25,2024-12-29 00:00:00,Longbeach,Twin Harbors,yes,12,12.3478260869565,0.971830985915493,823.447514941002,286.416526936001
2024-25,2024-12-30 00:00:00,Twin Harbors,Mocrocks,yes,12.5,0,,1153.23932074402,-14415.4915093002
2024-25,2024-12-31 00:00:00,Longbeach,Copalis,yes,12,12.0333333333333,0.997229916897507,787.771398877604,26.2590466292534
2024-25,2024-12-31 00:00:00,Twin Harbors,Copalis,yes,12,12.0333333333333,0.997229916897507,844.220976257882,28.140699208596
2024-25,2025-01-01 00:00:00,Longbeach,Copalis,yes,2,1.65116279069767,1.2112676056338,696.903799545622,-243.105976585682
2024-25,2025-01-01 00:00:00,Twin Harbors,Copalis,yes,2,1.65116279069767,1.2112676056338,746.84204941749,-260.526296308427
2024-25,2025-01-03 00:00:00,Longbeach,Mocrocks,yes,2.5,0.3,8.33333333333333,197.406141158893,-434.293510549565
2024-25,2025-01-03 00:00:00,Twin Harbors,Mocrocks,yes,2.5,0.3,8.33333333333333,216.536496932948,-476.380293252485
2024-25,2025-01-10 00:00:00,Twin Harbors,Mocrocks,yes,7.5,9.41025641025641,0.79700272479564,1207.38841326811,2306.42145611473
2024-25,2025-01-12 00:00:00,Longbeach,Twin Harbors,yes,13.5,13.4677419354839,1.00239520958084,2267.44240870967,-73.1433035067613
2024-25,2025-01-13 00:00:00,Longbeach,Copalis,yes,11.5,11.4390243902439,1.00533049040512,948.66876683318,-57.8456565142179
2024-25,2025-01-13 00:00:00,Twin Harbors,Copalis,yes,11.5,11.4390243902439,1.00533049040512,841.650775489523,-51.3201692371657
2024-25,2025-01-14 00:00:00,Longbeach,Mocrocks,yes,5,4.35714285714286,1.14754098360656,186.544920879376,-119.921734851028
2024-25,2025-01-14 00:00:00,Twin Harbors,Mocrocks,yes,5,4.35714285714286,1.14754098360656,275.915022418066,-177.373942983043
2024-25,2025-01-16 00:00:00,Longbeach,Copalis,yes,4,4.17647058823529,0.957746478873239,121.082235441041,21.3674533131249
2024-25,2025-01-16 00:00:00,Twin Harbors,Copalis,yes,4,4.17647058823529,0.957746478873239,107.423118500198,18.9570209117996
2024-25,2025-01-26 00:00:00,Longbeach,Mocrocks,yes,14,14.6190476190476,0.957654723127036,1742.56335397914,1078.72969532042
2024-25,2025-01-27 00:00:00,Twin Harbors,Mocrocks,yes,14,13.03125,1.07434052757794,1282.04191610865,-1241.97810623025
2024-25,2025-01-28 00:00:00,Longbeach,Copalis,yes,14,15,0.933333333333333,1778.81391282872,1778.81391282872
2024-25,2025-01-28 00:00:00,Twin Harbors,Copalis,yes,14,15,0.933333333333333,878.354953798605,878.354953798605
2024-25,2025-01-30 00:00:00,Longbeach,Mocrocks,yes,14.5,5.25,2.76190476190476,187.577626006118,-1735.09304055659
2024-25,2025-01-30 00:00:00,Twin Harbors,Mocrocks,yes,12.5,5.25,2.38095238095238,225.684567975755,-1636.21311782423
2024-25,2025-01-31 00:00:00,Twin Harbors,Mocrocks,yes,7.5,2.36842105263158,3.16666666666667,587.185998544877,-3013.19130832239
2024-25,2025-02-01 00:00:00,Longbeach,Twin Harbors,yes,12,7.2,1.66666666666667,449.952002347678,-2159.76961126886
2024-25,2025-02-08 00:00:00,Longbeach,Twin Harbors,yes,15,15,1,1408.08547614389,2.50126226600837e-12
2024-25,2025-02-09 00:00:00,Longbeach,Copalis,yes,15,14.9,1.00671140939597,1013.13662631826,-101.313662631825
2024-25,2025-02-09 00:00:00,Twin Harbors,Copalis,yes,15,14.9,1.00671140939597,1188.93911916719,-118.893911916719
2024-25,2025-02-10 00:00:00,Twin Harbors,Copalis,yes,15,15,1,913.801315932605,0
2024-25,2025-02-12 00:00:00,Longbeach,Mocrocks,yes,14,14.1176470588235,0.991666666666667,413.590314453132,48.6576840533095
2024-25,2025-02-12 00:00:00,Twin Harbors,Mocrocks,yes,14,14.1176470588235,0.991666666666667,305.115898850392,35.8959881000459
2024-25,2025-02-13 00:00:00,Longbeach,Copalis,yes,6.5,5.875,1.1063829787234,68.9922921405696,-43.120182587856
2024-25,2025-02-14 00:00:00,Longbeach,Copalis,yes,4,3.75,1.06666666666667,310.60441199575,-77.6511029989375
2024-25,2025-02-14 00:00:00,Twin Harbors,Copalis,yes,4,3.75,1.06666666666667,364.501417098768,-91.1253542746919
2024-25,2025-02-24 00:00:00,Longbeach,Mocrocks,yes,5,5.10526315789474,0.979381443298969,149.431618653438,15.729644068783
2024-25,2025-02-24 00:00:00,Twin Harbors,Mocrocks,yes,5,5.10526315789474,0.979381443298969,272.444940040037,28.6784147410566
2024-25,2025-02-25 00:00:00,Longbeach,Copalis,yes,12.5,12.3333333333333,1.01351351351351,375.611839421665,-62.6019732369446
2024-25,2025-02-25 00:00:00,Twin Harbors,Copalis,yes,12.5,12.3333333333333,1.01351351351351,309.146964007029,-51.5244940011719
2024-25,2025-02-28 00:00:00,Twin Harbors,Longbeach,yes,14,13.8235294117647,1.01276595744681,1112.34603087358,-196.296358389455
2024-25,2025-03-01 00:00:00,Longbeach,Twin Harbors,yes,4,4.78688524590164,0.835616438356164,1456.83705439507,1146.36358378628
2024-25,2025-03-08 00:00:00,Longbeach,Mocrocks,yes,8,2.86764705882353,2.78974358974359,1257.39688857088,-6453.40461928289
2024-25,2025-03-10 00:00:00,Longbeach,Copalis,yes,12,12.1153846153846,0.99047619047619,506.815306728487,58.4786892379031
2024-25,2025-03-10 00:00:00,Twin Harbors,Copalis,yes,12,12.1153846153846,0.99047619047619,745.821067596684,86.0562770303877
2024-25,2025-03-12 00:00:00,Longbeach,Mocrocks,yes,10,9.25,1.08108108108108,153.827945188961,-115.37095889172
2024-25,2025-03-12 00:00:00,Twin Harbors,Mocrocks,yes,10,9.25,1.08108108108108,194.256804125402,-145.692603094051
2024-25,2025-03-14 00:00:00,Longbeach,Copalis,yes,11,10.8666666666667,1.01226993865031,282.067257579888,-37.6089676773183
2024-25,2025-03-14 00:00:00,Twin Harbors,Copalis,yes,11,10.8666666666667,1.01226993865031,415.085535873529,-55.3447381164704
2024-25,2025-03-26 00:00:00,Twin Harbors,Longbeach,yes,10,9.83333333333333,1.01694915254237,437.636928406422,-72.9394880677368
2024-25,2025-03-27 00:00:00,Twin Harbors,Mocrocks,yes,12,11.9411764705882,1.00492610837438,325.653890940179,-19.1561112317746
2024-25,2025-03-28 00:00:00,Twin Harbors,Longbeach,yes,11,3.57692307692308,3.0752688172043,789.948671106537,-5863.84975090622
2024-25,2025-03-29 00:00:00,Longbeach,Copalis,yes,11,10.5636363636364,1.04130808950086,1908.23931591442,-832.686246944474
2024-25,2025-03-29 00:00:00,Twin Harbors,Copalis,yes,11,10.5636363636364,1.04130808950086,1694.97727340155,-739.626446575219
2024-25,2025-03-31 00:00:00,Longbeach,Mocrocks,yes,14.5,14.3389830508475,1.0112293144208,1199.46815570255,-193.134703036849
2024-25,2025-03-31 00:00:00,Twin Harbors,Mocrocks,yes,14.5,14.3389830508475,1.0112293144208,1360.90243510692,-219.12835819518
2024-25,2025-04-01 00:00:00,Longbeach,Copalis,yes,14.5,13.6923076923077,1.05898876404494,1666.70646534005,-1346.1859912362
2024-25,2025-04-03 00:00:00,Longbeach,Twin Harbors,yes,15,15,1,1135.0848533751,-2.01631574259248e-12
2024-25,2025-04-12 00:00:00,Longbeach,Mocrocks,yes,14,12,1.16666666666667,1155.16090525042,-2310.32181050085
2024-25,2025-04-13 00:00:00,Twin Harbors,Longbeach,yes,15,15,1,754.965639086192,1.34108837650294e-12
2024-25,2025-04-14 00:00:00,Longbeach,Copalis,yes,15,13.1190476190476,1.14337568058076,485.315512772372,-912.855369262319
2024-25,2025-04-15 00:00:00,Twin Harbors,Mocrocks,yes,15,13.0645161290323,1.14814814814815,692.615857491532,-1340.54682095135
2024-25,2025-04-16 00:00:00,Longbeach,Mocrocks,yes,13,11.7428571428571,1.10705596107056,654.948104427993,-823.363331280905
2024-25,2025-04-16 00:00:00,Twin Harbors,Mocrocks,yes,13,11.7428571428571,1.10705596107056,711.415158115097,-894.350484487549
2024-25,2025-04-18 00:00:00,Longbeach,Copalis,yes,14,13.9423076923077,1.00413793103448,980.99217999317,-56.5957026919161
2024-25,2025-04-18 00:00:00,Twin Harbors,Copalis,yes,14,13.9423076923077,1.00413793103448,1099.86733016084,-63.4538844323587
2024-25,2025-04-27 00:00:00,Twin Harbors,Longbeach,yes,14,14.3023255813954,0.978861788617886,1671.58126022858,505.361776348177
2024-25,2025-04-28 00:00:00,Longbeach,Mocrocks,yes,14,14.2926829268293,0.979522184300341,1549.30123574702,453.454020218639
2024-25,2025-04-29 00:00:00,Longbeach,Copalis,yes,14,15,0.933333333333333,1941.300318981,1941.300318981
2024-25,2025-04-30 00:00:00,Longbeach,Copalis,yes,15,14.9152542372881,1.00568181818182,1950.0436364731,-165.257935294335
2024-25,2025-04-30 00:00:00,Twin Harbors,Copalis,yes,15,14.9152542372881,1.00568181818182,1286.50290479388,-109.025669897789
2024-25,2025-05-02 00:00:00,Twin Harbors,Mocrocks,yes,15,14.9230769230769,1.00515463917526,1936.6026639022,-148.969435684781
2024-25,2025-05-03 00:00:00,Longbeach,Mocrocks,yes,14,14.0645161290323,0.995412844036697,1798.90323218476,116.058273044175
2024-25,2025-05-11 00:00:00,Longbeach,Twin Harbors,yes,14.5,14.7435897435897,0.983478260869565,729.066404478009,177.593098526695
2024-25,2025-05-12 00:00:00,Longbeach,Mocrocks,yes,15,15,1,380.816206154778,-6.76465472357495e-13
2024-25,2025-05-12 00:00:00,Twin Harbors,Mocrocks,yes,15,15,1,394.244878391224,-7.00319586128771e-13
2024-25,2025-05-13 00:00:00,Twin Harbors,Copalis,yes,14.5,13.4054054054054,1.08165322580645,1177.26867013575,-1288.63192271615
2024-25,2025-05-14 00:00:00,Longbeach,Copalis,yes,14.5,14.9454545454546,0.970194647201946,725.506729131699,323.180270249576
2025-26,2025-10-06 00:00:00,Longbeach,Twin Harbors,yes,15,15,1,1683.25360103477,0
2025-26,2025-10-07 00:00:00,Twin Harbors,Mocrocks,yes,14,13.4444444444444,1.04132231404959,1556.92623507108,-864.959019483932
2025-26,2025-10-08 00:00:00,Twin Harbors,Longbeach,yes,14,11.9130434782609,1.17518248175183,1017.56842329127,-2123.62105730351
2025-26,2025-10-09 00:00:00,Longbeach,Twin Harbors,yes,12,15,0.8,723.392327566363,2170.17698269909
2025-26,2025-10-11 00:00:00,Longbeach,Twin Harbors,yes,12,10.2941176470588,1.16571428571429,850.460777193025,-1450.78603168222
2025-26,2025-10-12 00:00:00,Longbeach,Copalis,yes,7,6.90909090909091,1.01315789473684,82.9649632216714,-7.54226938378838
2025-26,2025-10-12 00:00:00,Twin Harbors,Copalis,yes,7,6.90909090909091,1.01315789473684,136.694651428323,-12.426786493484
2025-26,2025-10-20 00:00:00,Longbeach,Twin Harbors,yes,13.6,14.4864864864865,0.938805970149254,1087.93175582452,964.436799757956
2025-26,2025-10-21 00:00:00,Longbeach,Copalis,yes,7.5,7.52173913043478,0.997109826589596,951.097475915916,20.6760320851283
2025-26,2025-10-21 00:00:00,Twin Harbors,Copalis,yes,7.5,7.52173913043478,0.997109826589596,830.783005742602,18.0605001248389
2025-26,2025-10-23 00:00:00,Longbeach,Mocrocks,yes,2,0.875,2.28571428571429,90.2028635533119,-101.478221497476
2025-26,2025-10-23 00:00:00,Twin Harbors,Mocrocks,yes,2,0.875,2.28571428571429,78.7921406659641,-88.6411582492096
2025-26,2025-10-24 00:00:00,Twin Harbors,Longbeach,yes,4,7.5,0.533333333333333,127.382467089728,445.838634814046
2025-26,2025-10-25 00:00:00,Longbeach,Twin Harbors,yes,1,0,,19.1869369453452,-19.1869369453452
2025-26,2025-10-26 00:00:00,Longbeach,Mocrocks,yes,12,11.8,1.01694915254237,46.5148258881307,-9.30296517762603
2025-26,2025-10-26 00:00:00,Twin Harbors,Mocrocks,yes,12,11.8,1.01694915254237,40.6306691390604,-8.12613382781198
2025-26,2025-11-03 00:00:00,Twin Harbors,Mocrocks,yes,13.5,13.2608695652174,1.01803278688525,645.172360335178,-154.280347036672
2025-26,2025-11-04 00:00:00,Longbeach,Mocrocks,yes,12.5,11.8260869565217,1.05698529411765,556.335839944248,-374.921979092863
2025-26,2025-11-05 00:00:00,Twin Harbors,Copalis,yes,8,8.16666666666667,0.979591836734694,234.748560852402,39.1247601420668
2025-26,2025-11-06 00:00:00,Longbeach,Copalis,yes,2,1.41666666666667,1.41176470588235,403.860686753353,-235.585400606122
2025-26,2025-11-07 00:00:00,Twin Harbors,Mocrocks,yes,13.5,13.6428571428571,0.989528795811518,1896.59854624984,270.942649464261
2025-26,2025-11-08 00:00:00,Longbeach,Mocrocks,yes,14.5,14.5,1,1104.90023036694,1.96269708106722e-12
2025-26,2025-11-09 00:00:00,Longbeach,Copalis,yes,10.5,10.695652173913,0.981707317073171,392.301320987881,76.7546062802374
2025-26,2025-11-09 00:00:00,Twin Harbors,Copalis,yes,10.5,10.695652173913,0.981707317073171,242.909784814177,47.5258274636433
2025-26,2025-11-18 00:00:00,Longbeach,Copalis,yes,15,14.8809523809524,1.008,393.788126931803,-46.8795389204525
2025-26,2025-11-18 00:00:00,Twin Harbors,Copalis,yes,15,14.8809523809524,1.008,721.066239346943,-85.8412189698739
2025-26,2025-11-20 00:00:00,Longbeach,Twin Harbors,yes,3,2.4,1.25,206.765446051591,-124.059267630954
2025-26,2025-11-22 00:00:00,Longbeach,Copalis,yes,7,6.77777777777778,1.0327868852459,581.231775590633,-129.162616797918
2025-26,2025-11-22 00:00:00,Twin Harbors,Copalis,yes,7,6.77777777777778,1.0327868852459,1064.29468526527,-236.509930058949
2025-26,2025-11-23 00:00:00,Longbeach,Mocrocks,yes,6,5.81818181818182,1.03125,576.011170605635,-104.72930374648
2025-26,2025-11-23 00:00:00,Twin Harbors,Mocrocks,yes,6,5.81818181818182,1.03125,395.571380551104,-71.92206919111
2025-26,2025-12-02 00:00:00,Longbeach,Copalis,yes,15,14.7692307692308,1.015625,955.580288693013,-220.518528159925
2025-26,2025-12-02 00:00:00,Twin Harbors,Copalis,yes,15,14.7692307692308,1.015625,892.364141773565,-205.93018656313
2025-26,2025-12-04 00:00:00,Longbeach,Mocrocks,yes,12.5,12,1.04166666666667,542.920089464391,-271.460044732196
2025-26,2025-12-04 00:00:00,Twin Harbors,Mocrocks,yes,12.5,12,1.04166666666667,457.756849529726,-228.878424764863
2025-26,2025-12-06 00:00:00,Longbeach,Copalis,yes,12.5,12.5555555555556,0.995575221238938,1127.09434379927,62.6163524332943
2025-26,2025-12-06 00:00:00,Twin Harbors,Copalis,yes,12.5,12.5555555555556,0.995575221238938,1052.53173250143,58.4739851389699
2025-26,2025-12-07 00:00:00,Longbeach,Mocrocks,yes,10.5,9.5,1.10526315789474,228.840070569822,-228.840070569822
2025-26,2025-12-07 00:00:00,Twin Harbors,Mocrocks,yes,10.5,9.5,1.10526315789474,192.943882134743,-192.943882134743
2025-26,2025-12-08 00:00:00,Longbeach,Mocrocks,yes,7,5,1.4,12.0827557260866,-24.1655114521732
2025-26,2025-12-08 00:00:00,Twin Harbors,Mocrocks,yes,7,5,1.4,10.1874369767145,-20.3748739534289
2025-26,2025-12-18 00:00:00,Longbeach,Twin Harbors,yes,7,6.75,1.03703703703704,132.381969298107,-33.0954923245267
2025-26,2025-12-19 00:00:00,Twin Harbors,Longbeach,yes,7,7.33333333333333,0.954545454545455,236.740522849561,78.91350761652
2025-26,2025-12-20 00:00:00,Longbeach,Mocrocks,yes,7,4.68421052631579,1.49438202247191,401.425578124621,-929.617128288596
2025-26,2025-12-20 00:00:00,Twin Harbors,Mocrocks,yes,7,4.68421052631579,1.49438202247191,382.610135949221,-886.04452535609
2025-26,2025-12-22 00:00:00,Longbeach,Copalis,yes,7,5.83333333333333,1.2,38.4049682933546,-44.8057963422471
2025-26,2025-12-22 00:00:00,Twin Harbors,Copalis,yes,7,5.83333333333333,1.2,36.6048676033399,-42.7056788705632
2025-26,2025-12-23 00:00:00,Longbeach,Mocrocks,yes,7,7,1,94.817750709735,0
2025-26,2025-12-23 00:00:00,Twin Harbors,Mocrocks,yes,7,7,1,90.3734950297278,0
2025-26,2026-01-01 00:00:00,Longbeach,Copalis,yes,10.5,10.7837837837838,0.973684210526316,6107.856413359,1733.31060379108
2025-26,2026-01-01 00:00:00,Twin Harbors,Copalis,yes,10.5,10.7837837837838,0.973684210526316,3440.62039596877,976.392274531686
2025-26,2026-01-02 00:00:00,Twin Harbors,Mocrocks,yes,12.5,6.16393442622951,2.02792553191489,2528.70587228057,-16022.0462235482
2025-26,2026-01-03 00:00:00,Longbeach,Mocrocks,yes,8,1.72413793103448,4.64,2228.78953707809,-13987.5757154556
2025-26,2026-01-04 00:00:00,Longbeach,Copalis,yes,12.5,12.3529411764706,1.01190476190476,388.318497821791,-57.1056614443815
2025-26,2026-01-04 00:00:00,Twin Harbors,Copalis,yes,12.5,12.3529411764706,1.01190476190476,218.743934584875,-32.1682256742465
2025-26,2026-01-06 00:00:00,Longbeach,Mocrocks,yes,5,0.5,10,61.4095600016502,-276.343020007426
2025-26,2026-01-06 00:00:00,Twin Harbors,Mocrocks,yes,5,0.5,10,36.0521497527408,-162.234673887334
2025-26,2026-01-15 00:00:00,Twin Harbors,Mocrocks,yes,15,14.8235294117647,1.01190476190476,538.444343208674,-95.0195899780028
2025-26,2026-01-16 00:00:00,Twin Harbors,Copalis,yes,14,13.9393939393939,1.00434782608696,1019.47328831889,-61.7862598981144
2025-26,2026-01-17 00:00:00,Longbeach,Copalis,yes,12.5,9.6984126984127,1.28887070376432,2033.83779692353,-5697.97414534925
2025-26,2026-01-18 00:00:00,Longbeach,Twin Harbors,yes,14,15,0.933333333333333,2512.95606718341,2512.95606718341
2025-26,2026-01-19 00:00:00,Longbeach,Mocrocks,yes,7,5.91666666666667,1.1830985915493,670.733989917915,-726.62848907774
2025-26,2026-01-19 00:00:00,Twin Harbors,Mocrocks,yes,7,5.91666666666667,1.1830985915493,401.281078336847,-434.72116819825
2025-26,2026-01-20 00:00:00,Twin Harbors,Copalis,yes,12.5,8.3125,1.50375939849624,99.1119702246342,-415.031375315656
2025-26,2026-01-21 00:00:00,Longbeach,Copalis,yes,12.5,10.5,1.19047619047619,117.696185315614,-235.392370631227
2025-26,2026-01-31 00:00:00,Longbeach,Copalis,yes,14,14.0759493670886,0.994604316546763,2362.22906508783,179.409802411735
2025-26,2026-01-31 00:00:00,Twin Harbors,Copalis,yes,14,14.0759493670886,0.994604316546763,2851.27660393227,216.552653463211
2025-26,2026-02-01 00:00:00,Longbeach,Twin Harbors,yes,10.5,10.8823529411765,0.964864864864865,597.719179972064,228.539686459907
2025-26,2026-02-02 00:00:00,Longbeach,Mocrocks,yes,5,3.5,1.42857142857143,266.062448172469,-399.093672258704
2025-26,2026-02-02 00:00:00,Twin Harbors,Mocrocks,yes,5,3.5,1.42857142857143,258.049038469207,-387.07355770381
2025-26,2026-02-04 00:00:00,Longbeach,Copalis,yes,6,6.23076923076923,0.962962962962963,136.850992446504,31.5809982568856
2025-26,2026-02-04 00:00:00,Twin Harbors,Copalis,yes,6,6.23076923076923,0.962962962962963,219.107550150894,50.5632808040526
2025-26,2026-02-14 00:00:00,Longbeach,Twin Harbors,yes,8,9.39024390243903,0.851948051948052,1822.86312452754,2534.22434385536
2025-26,2026-02-16 00:00:00,Longbeach,Copalis,yes,5,3.05555555555556,1.63636363636364,680.244412740784,-1322.69746921819
2025-26,2026-02-16 00:00:00,Twin Harbors,Copalis,yes,5,3.05555555555556,1.63636363636364,535.304991320054,-1040.87081645566
2025-26,2026-02-17 00:00:00,Longbeach,Mocrocks,yes,2,0.2,10,208.420131261737,-375.156236271127
2025-26,2026-02-17 00:00:00,Twin Harbors,Mocrocks,yes,2,0.2,10,253.201900235773,-455.763420424391
2025-26,2026-02-19 00:00:00,Longbeach,Copalis,yes,5,3.5,1.42857142857143,226.12225655638,-339.18338483457
2025-26,2026-02-19 00:00:00,Twin Harbors,Copalis,yes,5,3.5,1.42857142857143,177.942472317387,-266.91370847608
2025-26,2026-02-26 00:00:00,Longbeach,Copalis,yes,12.5,10.8611111111111,1.15089514066496,508.903243023617,-834.035870510928
2025-26,2026-02-27 00:00:00,Twin Harbors,Longbeach,yes,12.5,14.6206998105966,0.854952236345107,1730.49936116518,3669.86966746045
2025-26,2026-02-28 00:00:00,Longbeach,Mocrocks,yes,12.5,13.1098901098901,0.953478625314334,2869.2871351349,1749.9498461537
2025-26,2026-03-01 00:00:00,Longbeach,Copalis,yes,12.5,13.1847826086957,0.948062654575433,2512.58026968178,1720.57127162992
2025-26,2026-03-03 00:00:00,Longbeach,Mocrocks,yes,5,4.53333333333333,1.10294117647059,187.815489359852,-87.6472283679308
2025-26,2026-03-03 00:00:00,Twin Harbors,Mocrocks,yes,5,4.53333333333333,1.10294117647059,278.010835171797,-129.738389746838
2025-26,2026-03-04 00:00:00,Longbeach,Mocrocks,yes,7,6.44444444444445,1.08620689655172,103.030211305976,-57.2390062810976
2025-26,2026-03-04 00:00:00,Twin Harbors,Mocrocks,yes,7,6.44444444444445,1.08620689655172,152.508801008528,-84.7271116714046
2025-26,2026-03-17 00:00:00,Longbeach,Copalis,yes,2,2.33333333333333,0.857142857142857,205.303781829463,68.4345939431543
2025-26,2026-03-19 00:00:00,Twin Harbors,Mocrocks,yes,2,2,1,337.668295831904,0
2025-26,2026-03-20 00:00:00,Longbeach,Mocrocks,yes,5,2.46153846153846,2.03125,504.218880841803,-1279.94023598304
2025-26,2026-03-20 00:00:00,Twin Harbors,Mocrocks,yes,5,2.46153846153846,2.03125,555.429890694928,-1409.93741484097
2025-26,2026-03-21 00:00:00,Longbeach,Copalis,yes,14.5,14.3055555555556,1.01359223300971,1606.05084635168,-312.28766456838
2025-26,2026-03-21 00:00:00,Twin Harbors,Copalis,yes,14.5,14.3055555555556,1.01359223300971,2329.33730848481,-452.926698872042
2025-26,2026-03-23 00:00:00,Longbeach,Mocrocks,yes,12.5,11.5862068965517,1.07886904761905,1590.17372022808,-1453.0897788291
2025-26,2026-03-23 00:00:00,Twin Harbors,Mocrocks,yes,12.5,11.5862068965517,1.07886904761905,1751.67977473921,-1600.67289760652
2025-26,2026-03-24 00:00:00,Longbeach,Mocrocks,yes,2,0.545454545454545,3.66666666666667,59.5256997263262,-86.5828359655654
2025-26,2026-04-01 00:00:00,Longbeach,Mocrocks,yes,7,2.23076923076923,3.13793103448276,168.841838946841,-805.245693438779
2025-26,2026-04-02 00:00:00,Longbeach,Mocrocks,yes,7,6,1.16666666666667,385.942766755373,-385.942766755373
2025-26,2026-04-02 00:00:00,Twin Harbors,Mocrocks,yes,7,6,1.16666666666667,251.440655473427,-251.440655473427
2025-26,2026-04-03 00:00:00,Twin Harbors,Longbeach,yes,12.5,14.5098039215686,0.861486486486486,759.106958823506,1525.65614273352
2025-26,2026-04-04 00:00:00,Longbeach,Twin Harbors,yes,14.5,14.6,0.993150684931507,2292.13717586104,229.213717586108
2025-26,2026-04-05 00:00:00,Twin Harbors,Mocrocks,yes,14,12.2686567164179,1.14111922141119,1265.94560882402,-2191.78642721771
2025-26,2026-04-07 00:00:00,Longbeach,Copalis,yes,12.5,9.5,1.31578947368421,1098.66357733566,-3295.99073200697
2025-26,2026-04-17 00:00:00,Longbeach,Mocrocks,yes,15,15,1,1107.66805364127,0
2025-26,2026-04-20 00:00:00,Longbeach,Copalis,yes,15,14.8415841584158,1.01067378252168,2692.05866852563,-426.464739568417
2025-26,2026-04-20 00:00:00,Twin Harbors,Copalis,yes,15,14.8415841584158,1.01067378252168,1358.97427264595,-215.283053092427
2025-26,2026-04-21 00:00:00,Longbeach,Mocrocks,yes,14.5,14.03125,1.03340757238307,1740.81202315462,-816.005635853724
2025-26,2026-04-21 00:00:00,Twin Harbors,Mocrocks,yes,14.5,14.03125,1.03340757238307,1627.92307182594,-763.088939918404
2025-26,2026-04-23 00:00:00,Longbeach,Copalis,yes,12.5,12.38,1.00969305331179,938.37632406327,-112.605158887592
2025-26,2026-04-23 00:00:00,Twin Harbors,Copalis,yes,12.5,12.38,1.00969305331179,473.700405333465,-56.8440486400154
2025-26,2026-04-30 00:00:00,Longbeach,Mocrocks,yes,15,15,1,287.275150666217,0
2025-26,2026-05-02 00:00:00,Longbeach,Twin Harbors,yes,14.5,14.8387096774194,0.977173913043478,2517.65488732319,852.754074738504
2025-26,2026-05-03 00:00:00,Twin Harbors,Mocrocks,yes,14.5,10.2061855670103,1.42070707070707,1828.71329269479,-7852.15552997298
2025-26,2026-05-04 00:00:00,Longbeach,Twin Harbors,yes,12.5,12.5454545454545,0.996376811594203,1101.08554745211,50.0493430660047
2025-26,2026-05-05 00:00:00,Longbeach,Twin Harbors,yes,15,15,1,1133.67518363861,2.01381166611478e-12
